order_id,order_date,product,quantity,price,total,address
1000,2025-03-21,Notebook,4,5,20,"4913 Davis Pine,North Alexis, PR 91509"
1001,2025-05-31,Notebook,4,5,20,"USS Myers,FPO AA 51883"
1002,2025-03-28,Backpack,2,25,50,"77256 Hamilton Key,Hernandezside, OH 15866"
1003,2025-04-01,USB Drive,2,8,16,"0345 Bryan Mountains,South Michaelland, OK 43397"
1004,2025-04-05,Backpack,2,25,50,"40054 Hughes Ramp Suite 632,Keithshire, MP 89663"
1005,2025-04-12,Backpack,1,25,25,"6787 Denise Parks,West Luke, NE 47367"
1006,2025-05-05,Backpack,2,25,50,"2239 Rivera River,New Lauraport, IN 55114"
1007,2025-03-17,Pen,1,2,2,"8290 Joseph Spring,Walkerview, MI 87376"
1008,2025-04-02,T-shirt,3,15,45,"2753 Jonathan Mission Suite 018,West Jonathan, CT 37179"
1009,2025-04-01,T-shirt,2,15,30,"78592 Krause Harbors,Josephville, CO 66261"
1010,2025-06-08,USB Drive,4,8,32,"027 Donovan Rapid,Lake Sharon, IL 55509"
1011,2025-05-14,Backpack,3,25,75,"68840 Andrea Underpass,Lorichester, WA 58037"
1012,2025-06-14,Headphones,3,30,90,"36394 Howell Ways,West Jillianville, NH 37148"
1013,2025-05-08,USB Drive,3,8,24,"9774 Hopkins Mountains Apt. 454,Loriberg, MH 72532"
1014,2025-04-28,Headphones,2,30,60,"2292 James Loaf Suite 764,East Jamesmouth, VA 22260"
1015,2025-06-19,T-shirt,4,15,60,"149 Michael Field,Bestview, ID 60960"
1016,2025-06-16,Notebook,4,5,20,"49659 Mitchell Manors,Thomasshire, MI 79463"
1017,2025-04-10,USB Drive,5,8,40,"2904 Holly Underpass Suite 036,East Jasonport, DC 58405"
1018,2025-04-11,T-shirt,4,15,60,"532 Berg Mountain,North Kellyburgh, NE 52723"
1019,2025-03-03,Pen,5,2,10,"Unit 1217 Box 4567,DPO AE 24857"
1020,2025-06-13,Headphones,3,30,90,"5370 Crystal Mount Suite 002,Normanland, AZ 68516"
1021,2025-06-19,Pen,1,2,2,"8969 Kelly Knoll Apt. 083,North Andrewfort, OK 05432"
1022,2025-04-01,Coffee_mug,2,10,20,"USCGC Smith,FPO AP 30039"
1023,2025-06-19,Notebook,5,5,25,"2461 Wright Lodge Suite 077,Paulhaven, NY 96708"
1024,2025-02-21,Pen,5,2,10,"48410 Rodriguez Extensions,Dillonland, ND 69485"
1025,2025-05-09,Pen,1,2,2,"483 George Knoll Suite 409,North Joshua, WI 72172"
1026,2025-03-11,Pen,5,2,10,"9170 Jonathan Skyway Suite 773,Brucefurt, AZ 71410"
1027,2025-05-03,Backpack,3,25,75,"0918 Sabrina Pass Apt. 982,Wagnermouth, AL 44551"
1028,2025-06-17,T-shirt,5,15,75,"3084 Chloe Lodge,West Edwardville, NH 81866"
1029,2025-03-16,Coffee_mug,3,10,30,"349 Mccann Creek,Carriefort, MH 04149"
1030,2025-04-04,Pen,1,2,2,"77481 Jeremiah Plain Suite 173,Bowenbury, NV 60657"
1031,2025-04-19,USB Drive,5,8,40,"854 Baldwin Island Apt. 210,North Davidview, MT 73105"
1032,2025-03-31,Notebook,2,5,10,"29395 Paul Crescent,South Phillipberg, MN 28671"
1033,2025-02-21,Coffee_mug,5,10,50,"647 Annette Union Apt. 664,North Ashley, IA 04094"
1034,2025-06-03,USB Drive,1,8,8,"7146 John Centers,West Lauren, DC 16375"
1035,2025-04-06,Water Bottle,4,12,48,"4829 John Burgs Suite 907,New Meagan, AK 19765"
1036,2025-04-24,Notebook,2,5,10,"3300 Billy View Apt. 106,West Leahchester, DE 51850"
1037,2025-06-19,Notebook,3,5,15,"398 Rachel Vista,West Brittanyburgh, AL 32040"
1038,2025-04-20,Water Bottle,3,12,36,"1342 Jacqueline Mountains,Cassandrafurt, DE 70413"
1039,2025-02-27,Pen,2,2,4,"629 Chan Spring Suite 288,East Samantha, SD 40910"
1040,2025-05-16,T-shirt,5,15,75,"581 Johnson Pike Suite 413,Port Lisaport, FM 87430"
1041,2025-05-26,Headphones,5,30,150,"074 Brown Course,Danielmouth, ID 14480"
1042,2025-04-12,USB Drive,2,8,16,"540 Lamb Cliff,North Jameston, ME 17195"
1043,2025-04-12,Backpack,3,25,75,"39348 Corey Stream Apt. 671,West Kathrynberg, KY 22334"
1044,2025-06-03,Coffee_mug,4,10,40,"21863 Christopher Drive Suite 025,West Jeremyhaven, DE 26771"
1045,2025-03-25,Headphones,3,30,90,"PSC 6789, Box 5446,APO AA 13638"
1046,2025-03-05,Backpack,1,25,25,"335 John Port Apt. 569,South Michael, FM 70417"
1047,2025-04-08,USB Drive,2,8,16,"4170 Jeffrey Spurs,New Paulfort, CO 63032"
1048,2025-06-04,Headphones,1,30,30,"03147 Denise Plains,Graybury, GU 69452"
1049,2025-03-21,USB Drive,1,8,8,"6548 Lawson Glens,West Lisamouth, NE 13912"
1050,2025-03-27,T-shirt,3,15,45,"737 Crystal Bridge Suite 226,Jonestown, VI 07301"
1051,2025-05-19,Notebook,3,5,15,"33928 Moss Neck,Lake Stephenburgh, AS 52529"
1052,2025-05-02,T-shirt,2,15,30,"72247 Norman Creek Suite 346,Hardybury, FL 84821"
1053,2025-03-14,Coffee_mug,5,10,50,"295 Hannah Center,South Maxtown, NH 10680"
1054,2025-02-25,USB Drive,3,8,24,"79026 Palmer Mountain,Markshire, SC 66620"
1055,2025-05-17,Water Bottle,4,12,48,"3443 Cross Locks,South Harryfort, ND 63760"
1056,2025-03-16,Coffee_mug,1,10,10,"64936 Jones Route,North Desiree, MN 39868"
1057,2025-05-14,Coffee_mug,3,10,30,"43710 Saunders Plains,Jasonland, FL 48965"
1058,2025-06-01,Backpack,3,25,75,"3342 Betty Alley Suite 388,Taylorstad, LA 16691"
1059,2025-03-18,USB Drive,5,8,40,"65221 Ware Center,East Kristin, GU 52051"
1060,2025-02-26,Pen,1,2,2,"5145 Rachel Mill Apt. 429,East Thomas, AR 33187"
1061,2025-04-24,Pen,5,2,10,"845 Peterson Greens,Port Lindsay, FL 51100"
1062,2025-05-17,T-shirt,2,15,30,"17533 Delacruz View Apt. 992,Hernandezmouth, PW 84558"
1063,2025-05-01,Water Bottle,5,12,60,"401 Crosby Shoal,Darrellborough, MO 07682"
1064,2025-05-20,Pen,1,2,2,"800 Ruben Place Suite 878,North Anthonyview, GA 73463"
1065,2025-05-15,USB Drive,5,8,40,"693 Daniel Port Suite 818,Port Leslieton, MP 03264"
1066,2025-03-21,USB Drive,3,8,24,"243 Marilyn Road,Davenporthaven, ND 32059"
1067,2025-03-16,USB Drive,3,8,24,"9041 David Walk Suite 517,Joneschester, PR 26342"
1068,2025-03-31,Water Bottle,4,12,48,"092 Walters Plaza,Cassieborough, LA 20573"
1069,2025-06-18,Water Bottle,3,12,36,"USCGC Campos,FPO AA 28139"
1070,2025-06-08,Notebook,1,5,5,"240 Richard Throughway Apt. 280,Michaelmouth, ID 07410"
1071,2025-04-02,T-shirt,2,15,30,"781 Higgins Flat Suite 062,Ryanborough, AR 69837"
1072,2025-04-16,Backpack,1,25,25,"37403 Danielle Mill,Lake Melissafurt, AZ 67148"
1073,2025-05-28,USB Drive,3,8,24,"00994 Chandler Corners Suite 303,Calebmouth, GA 31884"
1074,2025-03-01,Backpack,3,25,75,"815 Clark Run Suite 160,Sanchezmouth, FM 04959"
1075,2025-05-04,Water Bottle,4,12,48,"81186 Mcdonald Circle Apt. 418,East Tonyaside, RI 79783"
1076,2025-05-13,T-shirt,4,15,60,"347 Tony Divide,North Timothychester, WI 98395"
1077,2025-05-08,Headphones,3,30,90,"2384 Bray Crossroad,Darrellborough, MT 18061"
1078,2025-05-21,Backpack,4,25,100,"Unit 0951 Box 7069,DPO AE 62934"
1079,2025-06-01,Coffee_mug,5,10,50,"Unit 9766 Box 9405,DPO AP 19054"
1080,2025-02-21,Pen,3,2,6,"86489 Sara Cliffs,South Christopher, FL 01187"
1081,2025-05-30,USB Drive,1,8,8,"110 Brandon Light Apt. 772,South Johnmouth, VI 78801"
1082,2025-03-22,USB Drive,3,8,24,"6992 Jerry Crest Apt. 175,Jessicaport, OR 13895"
1083,2025-05-13,Headphones,1,30,30,"1236 Ramirez Plain,Vazqueztown, LA 84532"
1084,2025-04-14,Notebook,3,5,15,"4020 Aguirre Land,West Josephmouth, WI 72195"
1085,2025-05-23,Water Bottle,2,12,24,"2957 Alicia Ville,Robinsontown, MD 22926"
1086,2025-02-26,Water Bottle,2,12,24,"6886 Johnson Isle Suite 856,Port Thomas, ID 69658"
1087,2025-05-15,Notebook,1,5,5,"566 Wood Station,Kurthaven, NH 92332"
1088,2025-06-15,USB Drive,3,8,24,"59473 Rebecca Forges,Jenniferbury, TN 11681"
1089,2025-04-01,Notebook,3,5,15,"33735 Greene Field Apt. 067,Summermouth, GU 24670"
1090,2025-02-25,Backpack,1,25,25,"2522 Victoria Mills,South Nathan, HI 17054"
1091,2025-05-04,Backpack,1,25,25,"Unit 3488 Box 6380,DPO AA 29960"
1092,2025-05-31,Notebook,3,5,15,"7021 Derrick Lodge Apt. 163,Ericaview, WI 88918"
1093,2025-04-13,Water Bottle,4,12,48,"536 Jonathan Cliff,Bryantburgh, WA 30816"
1094,2025-04-08,Backpack,4,25,100,"Unit 0719 Box 6776,DPO AE 23377"
1095,2025-06-11,Water Bottle,2,12,24,"24560 Ryan Meadow,Valenzuelaborough, VA 08392"
1096,2025-03-29,Pen,1,2,2,"52367 Kenneth Union,Coffeyborough, NM 29332"
1097,2025-05-17,T-shirt,1,15,15,"4149 Walker Oval Suite 370,Jonesville, MD 32494"
1098,2025-04-03,Pen,3,2,6,"2394 Terry Street,East Stephanie, NY 64581"
1099,2025-06-09,USB Drive,4,8,32,"48099 Erica Terrace Apt. 616,East Jacob, MO 51046"
1100,2025-03-15,T-shirt,1,15,15,"19464 Thompson Inlet,Port Bradleyport, OK 25051"
1101,2025-02-27,Coffee_mug,3,10,30,"Unit 6765 Box 6389,DPO AA 63060"
1102,2025-03-03,Water Bottle,3,12,36,"942 Smith Hill,Parkermouth, ND 26280"
1103,2025-05-29,Coffee_mug,2,10,20,"26921 Hancock Field,Hollandchester, NH 97733"
1104,2025-03-25,T-shirt,4,15,60,"362 Brandon Orchard,Lake Austin, MA 79322"
1105,2025-04-16,Backpack,3,25,75,"82017 James Estates,New Rita, AS 18685"
1106,2025-04-20,Notebook,3,5,15,"149 Benjamin Harbor Apt. 718,East Williamport, WI 14956"
1107,2025-02-24,T-shirt,4,15,60,"920 Brown Drive Apt. 709,Hallmouth, PR 70864"
1108,2025-03-19,Headphones,2,30,60,"905 Jacob Heights,Debrabury, NE 34270"
1109,2025-03-24,Notebook,3,5,15,"85783 Donald Cape Suite 131,East Laurenside, SC 50082"
1110,2025-03-17,Pen,1,2,2,"4319 Timothy Place,Brentberg, WV 61028"
1111,2025-06-15,T-shirt,5,15,75,"39555 Jason Drives Apt. 027,South Marcusstad, ID 09298"
1112,2025-03-03,Coffee_mug,5,10,50,"229 Ray Inlet,Mcdonaldfort, RI 83816"
1113,2025-05-03,Backpack,2,25,50,"0517 Ashley Bypass Apt. 269,West Ronald, KY 02025"
1114,2025-05-23,Notebook,2,5,10,"8991 Martinez Inlet,Fernandezfort, ID 19805"
1115,2025-04-02,USB Drive,4,8,32,"657 Ruiz Landing Suite 143,South Tony, MO 92930"
1116,2025-03-05,Headphones,1,30,30,"720 Oliver Walk,West Samuelport, KS 72131"
1117,2025-05-27,Pen,4,2,8,"8506 Hensley Locks Apt. 484,Lisahaven, IN 14029"
1118,2025-05-31,Water Bottle,1,12,12,"563 Mitchell Corners,Tinatown, TX 98821"
1119,2025-02-25,T-shirt,3,15,45,"8468 Stevenson Hills Apt. 125,Staceymouth, MH 63706"
1120,2025-06-08,Backpack,3,25,75,"558 Robert Underpass,New Kelly, NH 97888"
1121,2025-05-13,Notebook,1,5,5,"USS Ramsey,FPO AA 27702"
1122,2025-03-06,USB Drive,4,8,32,"439 Morton Corner Suite 857,Abigailfurt, NE 69472"
1123,2025-05-14,Pen,2,2,4,"6628 Hart Trafficway Suite 231,Lovehaven, OR 17005"
1124,2025-03-05,Coffee_mug,2,10,20,"PSC 6222, Box 7750,APO AE 35491"
1125,2025-05-31,Notebook,4,5,20,"209 Ford Port,Waltonfurt, VA 19358"
1126,2025-03-27,Headphones,4,30,120,"93468 Johnson Key Suite 410,Kristieland, TX 39310"
1127,2025-04-01,Backpack,2,25,50,"3808 Warner Haven,Petersonhaven, OH 10785"
1128,2025-06-18,Pen,3,2,6,"1320 Alexis Inlet,Munozton, RI 35005"
1129,2025-06-09,Pen,1,2,2,"40437 Lisa Cape Apt. 561,West Leahshire, NY 40000"
1130,2025-02-25,Backpack,4,25,100,"1522 Diaz Knolls,East Alexandra, PW 52603"
1131,2025-05-23,T-shirt,4,15,60,"385 Samantha Estates Apt. 440,Port Shaunville, MT 14732"
1132,2025-04-09,T-shirt,1,15,15,"86455 Stacey Spring,Reeseport, SD 74551"
1133,2025-05-04,Water Bottle,5,12,60,"163 Michael Avenue Suite 947,Samanthaberg, GA 17348"
1134,2025-04-20,Water Bottle,3,12,36,"67335 Ewing Pine Apt. 114,Fleminghaven, AR 94535"
1135,2025-05-19,Coffee_mug,2,10,20,"70192 Wilkins Plaza Suite 721,East Sergio, WY 08548"
1136,2025-03-14,Coffee_mug,3,10,30,"661 Gonzalez Brook Suite 953,Traceyton, LA 49599"
1137,2025-05-05,Notebook,3,5,15,"960 Mcguire Landing Suite 712,Kristophermouth, MN 03371"
1138,2025-05-06,Water Bottle,1,12,12,"77659 Douglas Summit,North Gary, NC 67249"
1139,2025-02-21,Coffee_mug,3,10,30,"48871 Alexander Road Apt. 742,Amandamouth, MH 85759"
1140,2025-02-23,Backpack,3,25,75,"6824 Christopher Corner,Garciamouth, WV 68998"
1141,2025-06-19,Backpack,3,25,75,"53821 Beth Inlet Apt. 002,Justinmouth, CO 69433"
1142,2025-03-15,Notebook,2,5,10,"429 Love Viaduct Apt. 997,North Jamesstad, HI 12215"
1143,2025-05-26,Backpack,5,25,125,"645 Jonathan Bypass,Stephanieshire, UT 55748"
1144,2025-03-29,T-shirt,1,15,15,"136 Joseph Points,Port Wayne, WI 13849"
1145,2025-05-07,Coffee_mug,2,10,20,"63423 Fisher Curve Apt. 616,Lake Cody, NE 95346"
1146,2025-03-26,Headphones,1,30,30,"53450 Joshua Skyway,Smithton, PA 80409"
1147,2025-05-17,Water Bottle,3,12,36,"8485 Matthew Greens Apt. 151,Luisborough, MT 60018"
1148,2025-05-05,Coffee_mug,1,10,10,"31105 Kirby Springs Suite 143,Martinchester, SD 12542"
1149,2025-03-09,Coffee_mug,3,10,30,"96119 Christopher Greens Suite 185,Lake Timothy, CT 85690"
1150,2025-05-23,T-shirt,1,15,15,"45768 David Cliffs,Bradleyshire, FM 55003"
1151,2025-03-01,USB Drive,2,8,16,"2831 Jamie Roads Suite 071,New Davidfort, WV 05686"
1152,2025-03-14,T-shirt,1,15,15,"740 Schmidt Knolls Suite 256,New Carlos, IL 67598"
1153,2025-05-03,Pen,1,2,2,"441 Crystal Oval Apt. 890,Brownport, NE 36854"
1154,2025-06-15,Backpack,4,25,100,"2487 Michelle Harbors Apt. 377,New Josephmouth, NC 49912"
1155,2025-05-02,USB Drive,5,8,40,"9829 Rojas Row Suite 731,East Nicole, IL 62469"
1156,2025-03-26,Notebook,1,5,5,"78431 Dunlap Unions Suite 221,Jennatown, NH 94115"
1157,2025-04-03,Pen,2,2,4,"92972 Lewis Crossroad Suite 702,East Monique, MH 60985"
1158,2025-05-08,T-shirt,1,15,15,"Unit 6334 Box 7306,DPO AE 39649"
1159,2025-02-23,USB Drive,4,8,32,"5840 Danny Track,New Samanthatown, PA 56588"
1160,2025-04-09,T-shirt,2,15,30,"3924 Mark Lake,North Jamesmouth, NV 80349"
1161,2025-04-17,Notebook,4,5,20,"40031 Mann Unions Apt. 997,Suzanneland, FM 50387"
1162,2025-05-07,T-shirt,3,15,45,"697 Mcgrath Plain Suite 511,Changmouth, WV 33504"
1163,2025-03-10,Backpack,4,25,100,"849 John Village,East Lisa, AK 41044"
1164,2025-05-03,Pen,2,2,4,"01219 Mclean Prairie,Lake Marcfort, NY 81862"
1165,2025-06-08,Notebook,4,5,20,"748 Carr Fork,Brittanyborough, MS 53444"
1166,2025-03-17,Notebook,1,5,5,"358 Mark Plain,Autumntown, MH 36627"
1167,2025-05-24,Water Bottle,5,12,60,"7920 Ward Parkway Suite 647,Webbberg, NC 96203"
1168,2025-03-13,Coffee_mug,5,10,50,"63782 Jones Well,Port Erin, CT 46036"
1169,2025-04-01,T-shirt,3,15,45,"7777 Gray Flat,Harrisport, IL 42119"
1170,2025-04-13,Backpack,3,25,75,"700 Rogers Mews Apt. 831,East Benjamin, KY 86136"
1171,2025-03-29,Water Bottle,5,12,60,"3385 Brewer Canyon,Moorechester, WA 09796"
1172,2025-06-10,Headphones,5,30,150,"950 Garza Keys,North Amandashire, MD 64488"
1173,2025-05-12,Headphones,4,30,120,"PSC 0560, Box 3574,APO AE 55053"
1174,2025-06-18,Pen,2,2,4,"350 Scott Ridge Suite 175,Jamesmouth, HI 64571"
1175,2025-03-12,Coffee_mug,1,10,10,"196 Melissa Wall,New Julia, PR 71810"
1176,2025-05-18,Coffee_mug,5,10,50,"Unit 0381 Box 5099,DPO AE 06884"
1177,2025-03-11,Notebook,5,5,25,"9557 Watkins Islands,Kennethport, PR 36125"
1178,2025-02-21,Coffee_mug,5,10,50,"350 Thomas Springs,Shaneshire, VT 62716"
1179,2025-05-11,Water Bottle,4,12,48,"8152 Bullock Walk Suite 743,Batesberg, MO 14600"
1180,2025-04-17,Notebook,3,5,15,"5045 Garcia Stravenue,Crystalport, ME 56040"
1181,2025-06-10,Backpack,2,25,50,"811 Charles Junction Suite 403,Jimenezview, MH 87652"
1182,2025-06-19,Coffee_mug,4,10,40,"16869 Mary Motorway,Michelechester, MI 32754"
1183,2025-06-03,USB Drive,3,8,24,"2408 Austin Ford Suite 593,Lake Meagan, SC 32443"
1184,2025-03-29,Notebook,4,5,20,"23807 Alice Ridge Suite 255,South David, IN 11479"
1185,2025-03-14,Backpack,1,25,25,"099 Cole Terrace,East Brittanystad, FM 39666"
1186,2025-06-01,Headphones,5,30,150,"2086 Johnson Crescent,Jamesfort, PR 54582"
1187,2025-05-03,USB Drive,1,8,8,"9305 Clements Meadows Suite 330,New Kathleenchester, IA 69175"
1188,2025-03-13,Headphones,1,30,30,"21411 Alexander Walks Suite 843,Destinyport, SC 31853"
1189,2025-05-12,Pen,5,2,10,"974 Melvin Walk Suite 723,Timothyburgh, AK 79814"
1190,2025-03-12,Coffee_mug,3,10,30,"27104 Kirby Forest Apt. 950,South Erinside, PW 45073"
1191,2025-05-14,Coffee_mug,5,10,50,"PSC 7228, Box 9463,APO AA 83970"
1192,2025-05-27,USB Drive,3,8,24,"9287 Bryant Junction,Coryberg, TN 28109"
1193,2025-04-22,USB Drive,4,8,32,"87198 Peters Manor,East Ellen, PW 13518"
1194,2025-06-19,Pen,1,2,2,"53305 Justin Mountain,Jeremyborough, MT 23575"
1195,2025-03-31,Backpack,5,25,125,"07797 Drew View Apt. 751,East Michelle, MI 60250"
1196,2025-03-27,Pen,3,2,6,"8228 Diaz Mountains Apt. 902,Alyssastad, VA 21187"
1197,2025-03-05,Water Bottle,3,12,36,"3033 Johnston Forks,New Paige, AS 55842"
1198,2025-05-26,USB Drive,1,8,8,"00320 Mullins Squares Apt. 142,Andrewsberg, NE 03799"
1199,2025-04-10,Backpack,4,25,100,"7178 Hopkins Island Suite 955,Lake Thomas, KS 06674"
1200,2025-05-05,T-shirt,1,15,15,"6696 Moran Walk Apt. 595,East Elizabeth, UT 86065"
1201,2025-02-22,Backpack,2,25,50,"PSC 1275, Box 3622,APO AA 55222"
1202,2025-02-23,Notebook,1,5,5,"68981 Shane Throughway Suite 755,Johnsonbury, PR 95382"
1203,2025-06-03,USB Drive,3,8,24,"913 Timothy Branch Suite 308,West Davidfort, VT 45816"
1204,2025-04-01,Pen,2,2,4,"2693 Melendez Green Suite 442,Smithtown, RI 93499"
1205,2025-03-27,Backpack,1,25,25,"690 Taylor Ranch Suite 718,South Kayla, MH 57964"
1206,2025-06-07,Water Bottle,5,12,60,"998 Carr Trail,Port Ryan, AZ 33467"
1207,2025-02-22,Water Bottle,4,12,48,"424 Alejandro Villages Suite 046,Starkville, WV 18139"
1208,2025-04-21,Backpack,2,25,50,"793 Best Station,West Kelsey, ND 01131"
1209,2025-05-08,T-shirt,2,15,30,"441 Jocelyn Freeway Apt. 137,Paulview, GU 48149"
1210,2025-03-04,Notebook,5,5,25,"Unit 9319 Box 2195,DPO AE 75250"
1211,2025-05-29,Backpack,1,25,25,"588 Daniel Lock,North Brenda, GU 89087"
1212,2025-06-20,Backpack,4,25,100,"Unit 1591 Box 6673,DPO AA 55802"
1213,2025-03-12,Headphones,4,30,120,"7008 Kelly Mission Suite 728,Justinberg, NE 28935"
1214,2025-04-16,Headphones,3,30,90,"14703 Stephen Squares Apt. 459,Brianbury, MN 62812"
1215,2025-05-05,Headphones,4,30,120,"255 Cassidy Manors,North Laura, WI 12275"
1216,2025-05-26,Pen,3,2,6,"06824 Justin Falls Suite 251,Smithborough, NC 09275"
1217,2025-05-30,USB Drive,4,8,32,"7718 Jennifer Shore,New Deanna, VT 01827"
1218,2025-05-01,Backpack,3,25,75,"45822 Catherine Light,East Darrell, WA 56394"
1219,2025-05-26,Headphones,4,30,120,"4681 Melissa Trafficway Apt. 871,East Michaelmouth, OK 80430"
1220,2025-06-11,USB Drive,4,8,32,"Unit 2218 Box 8471,DPO AE 82255"
1221,2025-06-07,USB Drive,3,8,24,"459 Perry Drive,Thompsonstad, LA 69967"
1222,2025-02-21,Notebook,4,5,20,"6715 Ryan Rapids,Kelliside, NM 26987"
1223,2025-06-02,Backpack,5,25,125,"67634 Ramirez Avenue,Williamsontown, DC 38629"
1224,2025-04-26,Notebook,5,5,25,"984 Melissa Rapid,Justinhaven, PW 87453"
1225,2025-06-02,Backpack,3,25,75,"326 Ewing Point Suite 855,West Reginahaven, AL 75176"
1226,2025-05-12,Notebook,4,5,20,"221 Joel Underpass Suite 100,Port Stacyview, NE 48004"
1227,2025-02-21,Headphones,5,30,150,"359 Marc Causeway Suite 667,Hughesport, TN 33694"
1228,2025-05-16,USB Drive,1,8,8,"1135 Brenda Springs,East Selenatown, WA 13505"
1229,2025-04-19,Coffee_mug,5,10,50,"786 Robert Shoal,Lake Kathryntown, AR 18479"
1230,2025-04-30,T-shirt,5,15,75,"6987 Sonya Trail,East Rachelland, IN 28506"
1231,2025-03-25,Notebook,3,5,15,"67528 Holly Bypass,New Gregoryborough, VT 94074"
1232,2025-03-24,Water Bottle,3,12,36,"05189 Campbell Island,North Brittanyfort, TX 39739"
1233,2025-03-15,Backpack,2,25,50,"20432 Peter Knoll Suite 342,New Frankview, AR 21331"
1234,2025-03-20,Pen,4,2,8,"89826 Wilkins Lodge,Port Bradstad, MO 40655"
1235,2025-04-04,Water Bottle,5,12,60,"USNS Jones,FPO AA 53259"
1236,2025-05-20,Backpack,4,25,100,"863 Katelyn Heights,West Christopher, VI 57377"
1237,2025-05-04,USB Drive,4,8,32,"87370 Dustin Corner Apt. 956,Port Jennifer, GU 83956"
1238,2025-04-23,Pen,3,2,6,"4149 Adams Creek,Deannaview, GA 48805"
1239,2025-05-14,Notebook,2,5,10,"1327 Kelly Freeway,Aaronview, GA 52183"
1240,2025-03-15,Backpack,1,25,25,"9640 Davis Ford Apt. 212,North Amyfurt, GU 08330"
1241,2025-05-25,Notebook,2,5,10,"0592 Andrew Vista,Port Olivia, MS 11578"
1242,2025-06-14,Notebook,5,5,25,"07810 Montgomery Coves,South Courtneyfurt, MA 06222"
1243,2025-04-08,Pen,5,2,10,"04315 Thompson Ramp Apt. 165,South Davidport, MA 49138"
1244,2025-03-28,T-shirt,4,15,60,"494 Martin Club Suite 985,Fernandeztown, PR 45726"
1245,2025-06-19,Notebook,2,5,10,"47029 Tyler Plains Apt. 108,Port Josephview, IL 90572"
1246,2025-04-29,Water Bottle,2,12,24,"03151 Reid Mission Suite 442,North Amanda, OR 77633"
1247,2025-03-27,USB Drive,4,8,32,"471 West Neck Apt. 054,North Jacobchester, PW 48362"
1248,2025-03-08,Coffee_mug,3,10,30,"256 Robert Creek Apt. 772,West Davidland, SC 79585"
1249,2025-03-24,T-shirt,1,15,15,"835 Melissa Bridge Apt. 377,East John, AK 43924"
1250,2025-02-21,Headphones,4,30,120,"07467 Patel Estate,Sherryshire, RI 20621"
1251,2025-05-30,Backpack,1,25,25,"195 Robinson Lake Apt. 090,Mathisville, AZ 28718"
1252,2025-04-22,USB Drive,2,8,16,"14012 Mark Harbor,North Daniel, NM 75570"
1253,2025-03-28,T-shirt,5,15,75,"501 Wallace Spurs Suite 746,Danaville, AS 26379"
1254,2025-04-12,Notebook,1,5,5,"5506 Moore Loaf,North Douglas, NC 27142"
1255,2025-06-09,USB Drive,2,8,16,"16823 Simpson Falls,Port Philipshire, MH 19505"
1256,2025-04-14,Backpack,3,25,75,"81382 Henry Walks,Michaelberg, MT 51587"
1257,2025-05-05,Coffee_mug,5,10,50,"5672 Green Shoals Suite 203,East Jamesport, MT 47935"
1258,2025-04-29,Headphones,4,30,120,"5172 Parks Shore Suite 519,Chelseaview, CT 62446"
1259,2025-06-20,Notebook,3,5,15,"54437 Wolfe Dam,North Juanfurt, AR 32644"
1260,2025-04-08,Pen,5,2,10,"16718 Jesus Divide,South Josephmouth, AK 65005"
1261,2025-05-22,Backpack,5,25,125,"18145 Zimmerman Ford,South Amyfurt, NV 10629"
1262,2025-04-28,Coffee_mug,3,10,30,"77868 Jill Curve,Monicaburgh, AL 69843"
1263,2025-05-01,Backpack,5,25,125,"74598 Butler Stream Suite 471,Lake Erika, SD 80384"
1264,2025-03-14,Pen,2,2,4,"22331 Michael Plain Suite 636,Emilychester, VI 89226"
1265,2025-03-06,Water Bottle,2,12,24,"52482 Anna Circle,North Gregory, IA 67214"
1266,2025-06-16,USB Drive,3,8,24,"618 Ryan Harbor,Rileyland, PR 23274"
1267,2025-04-03,Backpack,2,25,50,"4844 Juan Mission,Greenland, OH 04019"
1268,2025-06-19,USB Drive,4,8,32,"181 Melissa Ways,Taylormouth, AS 37426"
1269,2025-04-06,Headphones,1,30,30,"59021 Moore Crossroad Suite 524,Bettyfort, OK 84756"
1270,2025-06-04,Backpack,1,25,25,"4249 Richardson Courts Apt. 115,West Jenniferside, LA 06405"
1271,2025-02-25,USB Drive,2,8,16,"39578 Madison Brooks Apt. 109,Pricehaven, WA 31101"
1272,2025-03-07,Pen,3,2,6,"59622 Natalie Cove Suite 214,South Derekchester, DC 39192"
1273,2025-03-17,Water Bottle,2,12,24,"346 Amy Lodge,Port Kimberly, NM 45618"
1274,2025-03-19,Backpack,1,25,25,"PSC 7070, Box 9140,APO AP 05004"
1275,2025-03-02,USB Drive,3,8,24,"110 Perez Springs Suite 535,Maryside, MN 98725"
1276,2025-03-19,Pen,1,2,2,"494 Brian Square,West Jennifer, AR 86665"
1277,2025-05-10,Notebook,3,5,15,"52880 Jessica Estate Suite 393,West Mercedes, WI 17156"
1278,2025-03-29,Notebook,2,5,10,"0443 Humphrey Port Apt. 637,East Debra, IA 86540"
1279,2025-05-20,Backpack,4,25,100,"169 Harris Manors Apt. 194,Johnsonview, GU 47388"
1280,2025-06-14,Pen,1,2,2,"4120 Trevor Key Apt. 673,Elizabethview, VI 61871"
1281,2025-04-28,Coffee_mug,5,10,50,"3777 Bautista Meadows,South Jimmy, TX 26712"
1282,2025-05-24,Backpack,4,25,100,"2831 Adams Rapids,Lake Melanieborough, NV 33754"
1283,2025-05-07,Pen,3,2,6,"799 Morgan Meadow,East Laurenfurt, MA 31737"
1284,2025-04-24,Headphones,5,30,150,"1976 Christopher Passage,North Darrenfort, WY 61060"
1285,2025-05-15,Pen,5,2,10,"89590 Wendy Crossing,Huynhfurt, NE 15322"
1286,2025-02-22,Headphones,3,30,90,"93371 Johnson Field,Michaelfort, NV 38630"
1287,2025-05-27,Coffee_mug,2,10,20,"523 Murray Keys Suite 315,East Robinfort, TN 99298"
1288,2025-04-05,Backpack,4,25,100,"17066 Wood Pass Suite 128,Terrifort, AZ 47087"
1289,2025-05-30,Water Bottle,5,12,60,"741 Flores Isle Apt. 773,Lake Danielleborough, MH 49938"
1290,2025-05-17,Headphones,3,30,90,"60482 Courtney Forest,Jasonport, VT 08251"
1291,2025-05-29,USB Drive,2,8,16,"505 Miller Mission,New Daniel, IN 63973"
1292,2025-06-02,Water Bottle,5,12,60,"028 Joshua Field,Brownmouth, MP 39821"
1293,2025-03-26,T-shirt,4,15,60,"6522 Murphy Turnpike,Michaelborough, FL 60763"
1294,2025-03-19,USB Drive,1,8,8,"95961 Richardson Parkways Suite 175,North Cassandra, SD 92721"
1295,2025-05-26,Pen,4,2,8,"707 Williams Manors,Foxland, GU 68126"
1296,2025-03-17,USB Drive,5,8,40,"944 Jones Knoll,Katieview, AK 38492"
1297,2025-03-14,Headphones,4,30,120,"948 Anthony Trace Suite 262,East John, WI 40254"
1298,2025-03-11,USB Drive,2,8,16,"01866 Morton Expressway,North Miaborough, MO 84048"
1299,2025-05-05,T-shirt,2,15,30,"065 Cortez Knoll,South Laura, NC 27094"
1300,2025-03-13,USB Drive,2,8,16,"60880 Stephen Landing,Patriciachester, LA 62878"
1301,2025-04-13,Coffee_mug,2,10,20,"59039 Laura Route Apt. 591,Lake Jeffrey, IA 76643"
1302,2025-05-13,Headphones,4,30,120,"080 Brian Stravenue,Ashleyhaven, ND 23996"
1303,2025-05-01,Notebook,3,5,15,"249 Penny Cove,Mooreberg, LA 76388"
1304,2025-03-24,Notebook,5,5,25,"8208 Stephanie Extension,Samuelberg, MH 89562"
1305,2025-03-04,Pen,2,2,4,"2820 Dean Cliff Suite 428,South Edwardville, CT 50643"
1306,2025-05-24,Notebook,2,5,10,"753 John Parkway Suite 546,Gomezport, OH 39873"
1307,2025-05-13,Water Bottle,1,12,12,"1385 Garcia Port Suite 010,North Richardport, DE 31823"
1308,2025-05-10,USB Drive,3,8,24,"13853 David Skyway,East Kristinehaven, LA 77079"
1309,2025-05-27,Backpack,2,25,50,"547 Rodriguez Locks Apt. 987,Byrdmouth, WA 96432"
1310,2025-03-10,Water Bottle,3,12,36,"6363 Mary Crossroad,Dianeville, AZ 03719"
1311,2025-03-16,Notebook,2,5,10,"953 Carter Road Apt. 416,New Stevenland, GU 97886"
1312,2025-04-09,Headphones,1,30,30,"021 Franco Islands Apt. 566,Hunterbury, MO 10060"
1313,2025-04-13,Headphones,3,30,90,"9369 Kelly Viaduct Suite 261,Salazarside, MO 58372"
1314,2025-04-08,T-shirt,1,15,15,"40415 Grant Well Suite 191,Sarahstad, SC 58333"
1315,2025-06-15,Pen,2,2,4,"254 Jones Stream Apt. 595,North Nataliemouth, TN 68413"
1316,2025-05-01,Water Bottle,4,12,48,"4054 Gould Way Apt. 852,Zamoraview, NY 55108"
1317,2025-05-14,T-shirt,2,15,30,"Unit 3361 Box 6733,DPO AA 30966"
1318,2025-03-06,Headphones,4,30,120,"931 Sheila Ford,New Christopher, MO 85218"
1319,2025-04-12,Notebook,1,5,5,"8717 Stafford Ferry,Davisstad, MN 36972"
1320,2025-02-23,Notebook,3,5,15,"7202 Turner Heights,North Scottport, WA 26766"
1321,2025-02-22,Headphones,1,30,30,"Unit 3721 Box 8434,DPO AE 67389"
1322,2025-03-08,T-shirt,4,15,60,"67295 Kylie Falls Suite 741,Hahnmouth, VI 14050"
1323,2025-06-19,Water Bottle,5,12,60,"642 Angela Lakes,North Jonathan, SC 86901"
1324,2025-04-26,Backpack,5,25,125,"41900 Kimberly Mill Apt. 875,Kristaborough, GA 06406"
1325,2025-05-21,Headphones,1,30,30,"69351 Holmes Trail,West Jerome, MS 53741"
1326,2025-03-14,Coffee_mug,4,10,40,"47985 Phillips Lane,Howardview, WY 83592"
1327,2025-06-01,T-shirt,4,15,60,"791 Simmons Plains,North Jason, HI 90259"
1328,2025-05-27,Headphones,1,30,30,"65490 Cardenas Grove,Gabriellaville, GA 70394"
1329,2025-05-05,Notebook,2,5,10,"Unit 7289 Box 6095,DPO AA 92058"
1330,2025-06-10,Coffee_mug,5,10,50,"019 Tucker Underpass Suite 812,Port Sherrymouth, NJ 44871"
1331,2025-04-06,USB Drive,2,8,16,"083 Deleon Cape,North Michael, PA 53010"
1332,2025-04-30,USB Drive,1,8,8,"0183 Brown Turnpike Apt. 618,East Mary, AS 71370"
1333,2025-04-16,Notebook,2,5,10,"13212 Christopher Union,Ryanfurt, NM 52797"
1334,2025-05-25,USB Drive,4,8,32,"4642 Gillespie Points,West Davidside, GA 00980"
1335,2025-06-20,T-shirt,3,15,45,"626 Jackson Ville Suite 174,Smithmouth, WA 24067"
1336,2025-04-29,Water Bottle,5,12,60,"9176 Mitchell Square Suite 182,Lake Tara, SD 81600"
1337,2025-05-01,USB Drive,3,8,24,"009 Salas Isle Suite 312,Jasonport, MO 51624"
1338,2025-05-14,Headphones,4,30,120,"6470 Craig Dam Apt. 824,Katherineville, PR 41817"
1339,2025-05-27,T-shirt,4,15,60,"15982 Harrington Row,New Krista, AL 14354"
1340,2025-05-27,T-shirt,3,15,45,"141 Schmidt Overpass,South Melissa, MI 59690"
1341,2025-02-24,Backpack,3,25,75,"6091 Rogers Cape Apt. 474,Griffinfurt, UT 36309"
1342,2025-04-10,Notebook,1,5,5,"8346 Donna Dale,Stevensland, NC 97935"
1343,2025-03-14,Backpack,4,25,100,"89632 Gibbs Circle Apt. 922,Port Susan, AK 91058"
1344,2025-06-03,Water Bottle,4,12,48,"4999 Roy Hill Suite 566,North Jeffrey, MI 15052"
1345,2025-06-20,USB Drive,3,8,24,"77662 Cook Tunnel,Nathantown, TN 68292"
1346,2025-05-16,Notebook,1,5,5,"Unit 7738 Box 3037,DPO AE 83896"
1347,2025-05-28,Backpack,2,25,50,"84507 Nancy Curve,Christopherchester, MI 41475"
1348,2025-04-12,Water Bottle,5,12,60,"70130 Collier Springs,Lake Emilyburgh, MN 12764"
1349,2025-04-23,Water Bottle,5,12,60,"944 Ronnie Lake Suite 158,Lawsonberg, AR 85060"
1350,2025-06-13,Water Bottle,5,12,60,"165 Stephens Shore Apt. 342,Grossfurt, PA 42095"
1351,2025-03-01,Water Bottle,2,12,24,"585 Medina Knolls,Wilsonside, MA 19688"
1352,2025-04-16,Backpack,4,25,100,"05093 Francisco Cliff Suite 116,Gabrielshire, NE 81853"
1353,2025-04-03,Headphones,4,30,120,"15533 Cheyenne Light,Port Joseph, GA 71798"
1354,2025-02-22,Water Bottle,4,12,48,"984 Butler Falls,South Kimberly, OH 93425"
1355,2025-05-21,Pen,4,2,8,"USCGC Nelson,FPO AP 82849"
1356,2025-06-19,Water Bottle,4,12,48,"39615 Melissa Valley Apt. 252,Derekmouth, TX 82209"
1357,2025-04-13,USB Drive,3,8,24,"782 Jensen Mall,West Robertfurt, RI 56913"
1358,2025-06-13,Notebook,2,5,10,"2071 Johnson Center Suite 905,New Donnaburgh, CO 72488"
1359,2025-03-20,Coffee_mug,2,10,20,"7004 Stacy Route Apt. 470,East Derekmouth, MD 69714"
1360,2025-05-01,Coffee_mug,3,10,30,"25245 Patrick Drive Suite 316,North Ann, PW 91082"
1361,2025-04-09,Notebook,4,5,20,"4385 Mitchell Common Apt. 808,East Jeremy, ND 10512"
1362,2025-05-12,USB Drive,4,8,32,"91990 Julie Road Apt. 089,Ellisberg, MD 57838"
1363,2025-03-18,Headphones,5,30,150,"846 Stacey Dale,North Kristina, IL 31625"
1364,2025-06-01,T-shirt,1,15,15,"4133 Rodriguez Course Apt. 201,Port Robert, MD 33479"
1365,2025-05-17,T-shirt,3,15,45,"Unit 1475 Box 3962,DPO AP 50252"
1366,2025-06-16,Notebook,5,5,25,"Unit 3860 Box 1688,DPO AA 37964"
1367,2025-04-25,Water Bottle,1,12,12,"25065 Francis Street Suite 980,New Jillshire, MT 16856"
1368,2025-05-19,Backpack,5,25,125,"391 Michael Tunnel Suite 971,New Robert, MT 22150"
1369,2025-03-10,Water Bottle,1,12,12,"8708 Paula Bypass,North Louisview, CA 60417"
1370,2025-05-03,Headphones,2,30,60,"3866 Vincent Flats,Hooperfurt, AZ 38109"
1371,2025-03-05,USB Drive,2,8,16,"812 Jeffrey Plaza Apt. 690,North Bradleyshire, MD 28990"
1372,2025-04-15,Backpack,2,25,50,"67655 Patterson Street,Medinaburgh, MT 26050"
1373,2025-02-21,Pen,5,2,10,"850 Meyer Causeway,New Vincent, MA 81756"
1374,2025-05-06,Notebook,5,5,25,"38968 Levine Brook Suite 511,Turnermouth, ND 73128"
1375,2025-03-30,Water Bottle,2,12,24,"069 Calhoun Well,Hannahhaven, HI 87526"
1376,2025-03-01,Notebook,2,5,10,"85129 Andrea Fort Apt. 581,Katieside, IL 76188"
1377,2025-04-24,Pen,4,2,8,"42409 Connie Common,Lake Jenniferchester, RI 08480"
1378,2025-05-29,USB Drive,2,8,16,"PSC 8835, Box 2821,APO AE 39515"
1379,2025-05-01,USB Drive,4,8,32,"0690 Tammy Fort,Anthonyport, MT 36950"
1380,2025-05-15,T-shirt,2,15,30,"248 John Park Apt. 631,Johnsonborough, PA 18894"
1381,2025-05-08,Coffee_mug,1,10,10,"971 Estrada Way,East Robert, AL 92420"
1382,2025-06-14,Backpack,2,25,50,"0068 Lane Summit Apt. 754,South Darlenebury, FL 20541"
1383,2025-03-06,USB Drive,4,8,32,"226 Daniel Track Apt. 303,South Brent, FM 08273"
1384,2025-06-17,Notebook,1,5,5,"805 Robert Freeway Apt. 573,Lake Alicia, MA 06758"
1385,2025-02-23,Water Bottle,4,12,48,"586 Michael Points,Brownberg, HI 90219"
1386,2025-06-19,Coffee_mug,4,10,40,"172 Kayla Inlet,South Justin, CT 86045"
1387,2025-05-14,Water Bottle,2,12,24,"3608 Hall Burgs Suite 047,West Michelle, MO 23501"
1388,2025-05-07,Coffee_mug,4,10,40,"15372 Jones Grove Apt. 307,Alyssaview, KS 26488"
1389,2025-04-03,Coffee_mug,2,10,20,"322 Russell Mount Apt. 324,Richardton, GA 83768"
1390,2025-06-08,USB Drive,2,8,16,"PSC 9106, Box 5090,APO AP 06394"
1391,2025-03-17,Pen,4,2,8,"USNV Carr,FPO AE 24571"
1392,2025-04-24,Water Bottle,4,12,48,"8263 Allen Court Apt. 516,East Shannon, FM 07725"
1393,2025-06-05,Water Bottle,3,12,36,"551 Kristin Overpass,Cohenfort, FL 94945"
1394,2025-04-22,Notebook,1,5,5,"353 William Well Apt. 935,North Donald, ID 78758"
1395,2025-05-24,Headphones,4,30,120,"41431 Osborne Road,Russellton, NH 31512"
1396,2025-05-30,Water Bottle,4,12,48,"9420 Linda Grove,Floresside, NV 43402"
1397,2025-03-27,Pen,4,2,8,"02135 Mason Plaza Apt. 459,West Heather, MA 37210"
1398,2025-06-13,Notebook,1,5,5,"46864 Diaz Mountains Suite 500,Colleenfurt, MA 14472"
1399,2025-03-23,Pen,2,2,4,"2178 Cheryl Rest Apt. 500,Joshuabury, NE 19410"
1400,2025-03-29,Backpack,3,25,75,"59175 Larson Unions Suite 486,West Jeffchester, AZ 52071"
1401,2025-05-28,T-shirt,5,15,75,"8214 Matthew Canyon Suite 319,Rebeccabury, IA 34799"
1402,2025-03-10,Notebook,3,5,15,"9618 Wagner Lights Suite 525,Davisport, AZ 40131"
1403,2025-03-18,Pen,2,2,4,"6204 Jessica Light Apt. 240,Port Aimeechester, FL 11260"
1404,2025-03-10,Coffee_mug,1,10,10,"USCGC Walker,FPO AA 62650"
1405,2025-03-19,Headphones,4,30,120,"Unit 3955 Box 7804,DPO AP 40097"
1406,2025-04-30,Coffee_mug,5,10,50,"64857 Thomas View,Lake William, PA 25931"
1407,2025-03-10,Coffee_mug,1,10,10,"3419 Tina Creek Suite 848,Port Patrickview, ID 64039"
1408,2025-04-14,Coffee_mug,3,10,30,"9684 Vanessa Motorway Suite 899,Kimfurt, AR 27178"
1409,2025-03-22,USB Drive,1,8,8,"87540 Cassandra Crest,Port Connie, WV 41863"
1410,2025-03-07,USB Drive,4,8,32,"6294 Carter Port Apt. 395,Fordburgh, PR 63271"
1411,2025-03-19,USB Drive,2,8,16,"Unit 4133 Box 7618,DPO AA 71104"
1412,2025-05-18,Pen,5,2,10,"674 Michael Valleys,Ramirezport, PA 79492"
1413,2025-05-15,Backpack,1,25,25,"156 Diane Haven Apt. 178,New Alyssa, DE 62574"
1414,2025-02-28,Coffee_mug,1,10,10,"9457 Harris Glen,North Jeremy, AK 49977"
1415,2025-03-08,USB Drive,3,8,24,"6598 Terry Forges Apt. 427,Port Johnathan, NY 65338"
1416,2025-04-18,Coffee_mug,5,10,50,"9554 Washington Plain Apt. 524,Mccarthystad, FM 93683"
1417,2025-03-09,Pen,2,2,4,"78171 Choi Trafficway,Barbarahaven, AK 85477"
1418,2025-03-21,Notebook,1,5,5,"70678 Michelle Coves,Lewisborough, OK 12368"
1419,2025-06-08,Backpack,2,25,50,"7582 Debbie Grove,West Mirandaton, AL 25912"
1420,2025-03-03,Coffee_mug,1,10,10,"167 Jordan Tunnel,North Duane, SC 16006"
1421,2025-04-24,Pen,1,2,2,"9743 Warren Manors,East Jeffreyborough, AR 49816"
1422,2025-03-30,USB Drive,5,8,40,"66938 Kenneth Stream Apt. 452,New Kevinbury, VI 77546"
1423,2025-04-06,USB Drive,3,8,24,"Unit 6749 Box 5886,DPO AA 73292"
1424,2025-03-29,Headphones,2,30,60,"9975 Leah Canyon,Laurenstad, KY 36927"
1425,2025-04-29,Headphones,5,30,150,"7989 Blackburn Square Suite 933,Lake Adamland, WI 11907"
1426,2025-05-18,Backpack,4,25,100,"USS Russell,FPO AA 62214"
1427,2025-04-15,Notebook,1,5,5,"6058 Matthew Shoals Suite 304,Port Cynthiamouth, WI 68295"
1428,2025-05-11,Notebook,1,5,5,"01508 Wallace Ranch,New Dawn, OK 15854"
1429,2025-03-28,Coffee_mug,2,10,20,"USNS Baird,FPO AP 43581"
1430,2025-06-06,Headphones,2,30,60,"300 Michael Circles,Marilynstad, PA 85391"
1431,2025-03-12,Notebook,5,5,25,"03382 Crystal Island Apt. 545,Mezaland, DC 19959"
1432,2025-02-26,Water Bottle,4,12,48,"988 Buchanan Walk Suite 736,Belltown, KS 91721"
1433,2025-03-09,Pen,3,2,6,"536 Samantha Parkways,Moorechester, NV 92775"
1434,2025-05-09,Notebook,3,5,15,"3503 Rodriguez Forges,North Teresaside, DC 15149"
1435,2025-02-24,Water Bottle,2,12,24,"472 Dillon Ferry Suite 153,Lake Scotthaven, IL 61789"
1436,2025-05-15,USB Drive,2,8,16,"3432 Savage Plain,Mercadoport, FL 29337"
1437,2025-02-24,Pen,4,2,8,"2062 Hurley Hill Suite 769,Lake Angel, FM 18408"
1438,2025-04-08,Water Bottle,3,12,36,"7698 Steven Ville Suite 014,Tylerfurt, RI 91507"
1439,2025-02-27,Pen,3,2,6,"5436 Beck Station,Jenniferton, MT 22789"
1440,2025-05-11,Headphones,4,30,120,"505 Greer Squares Apt. 237,Lake Stevenhaven, MD 49789"
1441,2025-03-07,Coffee_mug,4,10,40,"642 Jeffrey Streets Apt. 194,West Barbarashire, IN 43856"
1442,2025-03-17,Pen,2,2,4,"2107 Campbell Park Suite 749,West Samanthaborough, MS 20932"
1443,2025-02-28,Coffee_mug,3,10,30,"1260 Donna Stream,Matthewland, ME 08535"
1444,2025-03-31,Backpack,5,25,125,"USS Harper,FPO AA 40930"
1445,2025-03-14,Backpack,5,25,125,"806 Thomas Club Suite 522,Stephenmouth, ND 12562"
1446,2025-03-24,Headphones,1,30,30,"5354 Kaitlyn Square,Port Jeremyville, WV 21943"
1447,2025-06-11,Coffee_mug,5,10,50,"7385 Stewart Land Apt. 734,Catherinetown, NE 63679"
1448,2025-06-16,USB Drive,5,8,40,"33385 Crystal Road,New Lindseyberg, DE 37221"
1449,2025-05-12,Pen,1,2,2,"4175 Garcia Dam,Meganshire, PA 56102"
1450,2025-03-04,T-shirt,4,15,60,"52357 Phillips Knolls Suite 821,Port Alexismouth, AS 57165"
1451,2025-04-17,Backpack,3,25,75,"Unit 3760 Box 6889,DPO AP 40935"
1452,2025-04-23,Coffee_mug,4,10,40,"7162 Edward Corners Apt. 240,Johnfort, NM 43161"
1453,2025-06-04,Notebook,4,5,20,"70828 John Corners Apt. 343,Wilsonberg, NY 01767"
1454,2025-03-15,Coffee_mug,1,10,10,"030 Michael Spur Apt. 976,East Dianeton, AL 41260"
1455,2025-06-05,USB Drive,5,8,40,"3469 Cooley Forks Suite 820,Melissamouth, AZ 85884"
1456,2025-04-06,USB Drive,1,8,8,"4565 Brett Courts,Dawnville, NE 24169"
1457,2025-03-01,Backpack,5,25,125,"46143 Henderson Mills,West Robertberg, FL 38394"
1458,2025-03-29,T-shirt,1,15,15,"PSC 9971, Box 8290,APO AP 76767"
1459,2025-04-24,T-shirt,1,15,15,"277 Hill Plaza,Gutierrezfort, SC 85750"
1460,2025-03-18,T-shirt,1,15,15,"7030 Chase Rapid Apt. 432,North Lance, WA 25472"
1461,2025-03-31,Headphones,1,30,30,"Unit 9847 Box 4256,DPO AA 02427"
1462,2025-06-10,Pen,1,2,2,"30921 Chapman Trace,Thompsonville, AK 44899"
1463,2025-05-14,Water Bottle,2,12,24,"6215 Smith Plaza,Montoyafort, RI 65776"
1464,2025-05-14,USB Drive,4,8,32,"842 Arroyo Greens Suite 318,Williamsstad, CA 11810"
1465,2025-06-09,Headphones,5,30,150,"03149 Wright Curve,Garyville, UT 33224"
1466,2025-06-11,USB Drive,2,8,16,"20665 Renee Crest Apt. 539,West Barbarachester, NJ 81570"
1467,2025-03-23,T-shirt,3,15,45,"5790 Lucas Lock Apt. 571,East Elaine, KS 11277"
1468,2025-03-06,T-shirt,3,15,45,"28898 Black Squares Apt. 927,South Ericamouth, AL 24746"
1469,2025-03-29,Backpack,1,25,25,"267 Pierce Dam,Port Michele, NV 27165"
1470,2025-04-12,USB Drive,1,8,8,"5600 John Viaduct Suite 695,Williamburgh, GA 48517"
1471,2025-05-23,Notebook,5,5,25,"619 David Curve Apt. 827,West Jacquelinechester, FM 76220"
1472,2025-03-10,Headphones,2,30,60,"PSC 8628, Box 2187,APO AA 53976"
1473,2025-03-28,Backpack,2,25,50,"49298 Downs Ramp Suite 207,West Dannyfurt, CA 73463"
1474,2025-04-02,Pen,4,2,8,"653 Wall Ville,Jamesborough, IN 54985"
1475,2025-02-28,Notebook,1,5,5,"21897 Oliver Keys Suite 559,Alexanderview, KS 42092"
1476,2025-02-28,T-shirt,3,15,45,"725 Simmons Viaduct Apt. 120,South Debrashire, MN 38037"
1477,2025-03-19,Backpack,3,25,75,"67726 Darrell Square Apt. 919,Foxbury, OR 13229"
1478,2025-03-18,Water Bottle,2,12,24,"79599 Mason Place Suite 094,South Daniel, MS 73268"
1479,2025-06-11,Headphones,3,30,90,"87902 Phillips Tunnel,New Timchester, MO 56222"
1480,2025-04-13,Notebook,3,5,15,"8234 Joshua Cliff,Nancyside, AS 09171"
1481,2025-04-21,T-shirt,5,15,75,"04962 Tyler Meadows Suite 528,Thompsonborough, WY 32900"
1482,2025-04-10,Notebook,2,5,10,"8830 Melissa Extensions,East Karenhaven, MS 66834"
1483,2025-04-17,Pen,4,2,8,"66421 Zachary Isle Apt. 662,Brianland, DE 57995"
1484,2025-05-04,Pen,4,2,8,"273 Jensen Wells Apt. 507,Jamesview, MA 57600"
1485,2025-04-17,Water Bottle,2,12,24,"492 Haas Plains Apt. 744,New Jimmytown, NV 04333"
1486,2025-05-12,Backpack,4,25,100,"0673 Stephanie Plains Suite 175,Lake Nicole, WY 07308"
1487,2025-05-14,Coffee_mug,1,10,10,"Unit 7045 Box 3112,DPO AE 62526"
1488,2025-03-27,Coffee_mug,5,10,50,"417 Walsh Island Apt. 049,New Evan, AZ 90209"
1489,2025-03-28,Pen,3,2,6,"PSC 6019, Box 3342,APO AA 54491"
1490,2025-03-02,Coffee_mug,2,10,20,"78676 Jacqueline Field,Walkerfort, PA 56296"
1491,2025-03-26,Coffee_mug,3,10,30,"911 Christopher Junction,New Joshua, NM 61493"
1492,2025-04-02,Notebook,5,5,25,"35232 Huff Groves Apt. 028,South Amandaberg, NH 42975"
1493,2025-02-23,USB Drive,2,8,16,"612 Calvin Motorway,North Jacobfort, AK 31647"
1494,2025-04-04,Pen,1,2,2,"53500 Jeffrey Groves Suite 323,West Matthewborough, FL 28400"
1495,2025-05-18,Backpack,3,25,75,"2991 Pamela Stravenue,North Marytown, MD 43955"
1496,2025-02-28,Notebook,1,5,5,"24894 Johnson Mountains,Castroton, SD 22372"
1497,2025-05-20,Water Bottle,1,12,12,"24805 Danielle Radial Suite 311,Graystad, OH 92062"
1498,2025-05-25,T-shirt,4,15,60,"43587 Katherine Grove,Lake Jerryfurt, WA 92915"
1499,2025-05-09,Coffee_mug,4,10,40,"05217 Anthony Rapids Suite 006,Matthewmouth, ND 97596"
1500,2025-04-13,Headphones,1,30,30,"1720 Johnson Crossing,Leslieton, FL 43044"
1501,2025-02-24,Water Bottle,1,12,12,"2320 Ruth Lock Apt. 899,South Christian, SD 65914"
1502,2025-06-15,Water Bottle,4,12,48,"6656 Cohen Haven Suite 737,Port Deborahland, OK 36911"
1503,2025-04-03,Notebook,3,5,15,"413 Garcia Forest Apt. 864,South Melissa, AL 98473"
1504,2025-03-25,Coffee_mug,5,10,50,"25902 Coleman Walks,Rhodesborough, MT 36652"
1505,2025-04-18,T-shirt,4,15,60,"493 Christina Oval,Jennyshire, IN 38376"
1506,2025-04-12,Pen,5,2,10,"2900 Jared Rapids,West Joseph, AS 02932"
1507,2025-03-13,T-shirt,2,15,30,"40456 Stephen Alley Apt. 160,East Lisa, AK 34410"
1508,2025-03-02,Backpack,2,25,50,"PSC 8563, Box 4766,APO AA 09749"
1509,2025-06-01,Pen,2,2,4,"477 Jackson Mission Apt. 733,Daniellehaven, CO 13645"
1510,2025-03-28,Pen,2,2,4,"USCGC Liu,FPO AP 91215"
1511,2025-05-01,Notebook,5,5,25,"54596 Trujillo Fall Apt. 039,Port Angela, KS 29118"
1512,2025-05-07,Water Bottle,5,12,60,"49218 Jay Land,East John, FL 74998"
1513,2025-05-30,Pen,4,2,8,"946 Maria Squares Suite 846,Clarktown, ID 96775"
1514,2025-05-10,T-shirt,4,15,60,"Unit 8174 Box 0219,DPO AP 41680"
1515,2025-02-24,Pen,4,2,8,"027 Michael Knolls,Port Madeline, NJ 20200"
1516,2025-05-30,T-shirt,1,15,15,"1252 David Summit,North Michaelland, CT 84044"
1517,2025-05-22,Backpack,4,25,100,"20268 Jessica Club,West Nicholas, NV 57699"
1518,2025-04-04,Water Bottle,1,12,12,"74754 Christopher Island Suite 085,Murphyberg, WV 63387"
1519,2025-03-25,Notebook,1,5,5,"98305 Anthony Square,North Cameronberg, CA 84157"
1520,2025-05-14,T-shirt,5,15,75,"43806 William Wells Apt. 424,West Gregorymouth, GU 37350"
1521,2025-05-03,Backpack,2,25,50,"099 Johnny Manors,South Jennifermouth, MD 79388"
1522,2025-03-15,Pen,4,2,8,"65316 Lane Alley Suite 759,West Calvinhaven, IN 77317"
1523,2025-05-16,USB Drive,3,8,24,"4386 Reyes Camp Suite 636,New Jamieville, GU 26192"
1524,2025-06-10,Coffee_mug,3,10,30,"5840 Stephanie Roads,Lake Davidland, WA 03766"
1525,2025-05-01,Headphones,3,30,90,"USCGC Singleton,FPO AP 07334"
1526,2025-05-21,Coffee_mug,1,10,10,"5715 Gary Bypass Apt. 378,Lukeshire, SC 16513"
1527,2025-05-30,USB Drive,1,8,8,"5793 Brianna Knolls,Richardsonview, AZ 06678"
1528,2025-06-14,Notebook,2,5,10,"12912 Heather Mill Suite 408,Lake Scottmouth, OR 04401"
1529,2025-03-30,Headphones,2,30,60,"8953 Marie Burg,New Eric, KS 97712"
1530,2025-03-26,Water Bottle,1,12,12,"0848 Bobby Hollow Apt. 561,West Jerry, MS 49900"
1531,2025-05-02,T-shirt,3,15,45,"5990 Dominique Road,Richardbury, NM 98177"
1532,2025-06-20,USB Drive,4,8,32,"220 Stone Cliffs,East Alejandromouth, IL 49464"
1533,2025-06-16,Pen,4,2,8,"04035 Joseph Manors Suite 567,East Gloriabury, LA 45701"
1534,2025-05-14,Headphones,4,30,120,"546 Kiara Drives,New Matthew, FM 16886"
1535,2025-03-20,Coffee_mug,1,10,10,"2233 Kathleen Creek,East Brittany, DC 19833"
1536,2025-03-16,Coffee_mug,1,10,10,"9249 Emily Island,Port Jamesfurt, MA 66201"
1537,2025-03-22,Water Bottle,5,12,60,"1083 Henson Springs Apt. 431,Darleneport, PW 51330"
1538,2025-03-19,Pen,4,2,8,"56819 Wright Tunnel Apt. 118,Susanborough, NM 67663"
1539,2025-05-27,Headphones,3,30,90,"3328 Solis Club,West Michael, CO 03071"
1540,2025-05-31,Headphones,5,30,150,"496 Roberts Square Apt. 405,East Bianca, PA 92576"
1541,2025-06-18,Coffee_mug,1,10,10,"28663 Long Throughway Apt. 738,Port Tiffanybury, AK 33820"
1542,2025-03-02,Notebook,1,5,5,"795 Amy Walk Suite 487,East Francisco, PR 68180"
1543,2025-03-13,Pen,5,2,10,"8679 Morton Lodge,Penningtonport, MA 58408"
1544,2025-05-16,Headphones,1,30,30,"2326 Edward Village Suite 620,Markfurt, DE 73964"
1545,2025-05-12,Coffee_mug,2,10,20,"60349 Peter Drive Suite 947,Richardsonview, MA 36854"
1546,2025-05-19,T-shirt,1,15,15,"379 Joseph Via Suite 808,Nguyenview, WI 08927"
1547,2025-04-22,Headphones,2,30,60,"1334 Chaney Isle Suite 829,West Cynthiaborough, TN 47106"
1548,2025-05-11,USB Drive,2,8,16,"26510 Frazier Burgs Suite 281,West Barbara, AZ 00726"
1549,2025-04-28,T-shirt,2,15,30,"1627 Robinson Neck Suite 299,East Megan, WV 94810"
1550,2025-06-05,Headphones,4,30,120,"6278 Sarah Crossroad Apt. 614,East Jesseview, DE 17174"
1551,2025-05-02,Headphones,4,30,120,"8758 Jamie Parkways Suite 446,Ginashire, MP 10176"
1552,2025-05-08,Water Bottle,4,12,48,"149 Glass Village Suite 680,Grantmouth, PR 75164"
1553,2025-04-27,USB Drive,2,8,16,"24364 Sonya Stravenue,East Jonathon, OH 44129"
1554,2025-04-13,Coffee_mug,4,10,40,"727 Diana Extension Apt. 117,Harrisborough, OH 63820"
1555,2025-04-12,USB Drive,2,8,16,"Unit 8478 Box 4528,DPO AP 20455"
1556,2025-04-09,T-shirt,5,15,75,"942 Bennett Curve,East Jennifer, DC 67076"
1557,2025-06-10,T-shirt,4,15,60,"406 Monica Alley,South Timothy, MI 44640"
1558,2025-03-22,Water Bottle,3,12,36,"921 Mccann Spur Suite 606,Jeremyhaven, TX 04912"
1559,2025-03-19,Pen,3,2,6,"57448 Montes Crescent Suite 666,Danielview, KS 73665"
1560,2025-03-22,Headphones,1,30,30,"USS Jones,FPO AA 56973"
1561,2025-04-11,Backpack,1,25,25,"833 Brittany Burg,New Adrianburgh, MI 58607"
1562,2025-04-03,Pen,4,2,8,"1191 Amber Ports,Port Marcmouth, NY 85162"
1563,2025-03-22,T-shirt,1,15,15,"9937 Wiley Highway,Padillafort, VI 19267"
1564,2025-05-02,Headphones,3,30,90,"8763 Peterson Ville Apt. 845,East Erika, PA 29741"
1565,2025-05-08,USB Drive,2,8,16,"PSC 9185, Box 5247,APO AE 73015"
1566,2025-05-05,USB Drive,3,8,24,"324 Andrew Ports,Colliermouth, AK 96156"
1567,2025-04-29,T-shirt,1,15,15,"433 Mcmahon Mission,West Karenside, CA 35558"
1568,2025-03-26,Pen,4,2,8,"88817 Simpson Lakes,Coryview, VI 88562"
1569,2025-04-11,Notebook,2,5,10,"2263 Kristen Unions,Port Raymondside, NC 73713"
1570,2025-04-09,Coffee_mug,4,10,40,"45542 Macias Fords,Candicetown, AZ 98295"
1571,2025-04-24,USB Drive,5,8,40,"67779 Katelyn Ways,South Brookemouth, MP 96273"
1572,2025-02-24,T-shirt,5,15,75,"021 Benjamin Lights,Peterview, VA 00822"
1573,2025-03-10,Water Bottle,4,12,48,"75582 Matthew Extensions Apt. 252,Hortonchester, ID 03272"
1574,2025-04-23,Headphones,5,30,150,"866 Garrett Terrace Apt. 588,New Stephaniemouth, OH 80263"
1575,2025-06-19,Headphones,4,30,120,"598 Joel Track,South Jenniferborough, AK 58950"
1576,2025-05-24,Backpack,2,25,50,"67125 Brandon Islands,Port Eric, AZ 84053"
1577,2025-04-28,Water Bottle,2,12,24,"9387 Martin Stream Apt. 146,Craigville, RI 44346"
1578,2025-03-31,Pen,1,2,2,"18162 Michael Villages Apt. 142,Jenniferhaven, MO 72993"
1579,2025-04-17,Pen,5,2,10,"469 Eugene Lane,Russellborough, OH 56702"
1580,2025-06-16,USB Drive,1,8,8,"553 Jennifer Terrace,Bonniehaven, PR 42810"
1581,2025-05-17,Coffee_mug,4,10,40,"1118 Jacob Run Apt. 512,South William, NM 15871"
1582,2025-06-12,Water Bottle,3,12,36,"8023 Espinoza Mountain Suite 329,Robertport, WA 43477"
1583,2025-06-03,Pen,3,2,6,"7608 Vanessa Well,Markshaven, SD 57872"
1584,2025-03-06,Headphones,3,30,90,"497 Wagner Groves,Markton, KY 64946"
1585,2025-05-08,Notebook,2,5,10,"PSC 3347, Box 2930,APO AE 31474"
1586,2025-05-02,Coffee_mug,3,10,30,"749 Riley Fall Apt. 575,Amandaborough, IA 20834"
1587,2025-03-12,Water Bottle,5,12,60,"9769 Hall Loaf,New Shelbyhaven, AL 02670"
1588,2025-04-03,Coffee_mug,4,10,40,"36421 Danielle Groves,Samanthaland, IN 83142"
1589,2025-05-21,Backpack,4,25,100,"319 Beth Village Apt. 680,Tuckerfurt, NY 18761"
1590,2025-05-23,Water Bottle,3,12,36,"883 Turner Court,Rachelmouth, MO 71737"
1591,2025-04-20,Coffee_mug,5,10,50,"7605 Kristen Green Apt. 438,Benjaminmouth, TX 87514"
1592,2025-04-18,Notebook,1,5,5,"47249 Leonard Walk Apt. 956,New Ryan, RI 39221"
1593,2025-06-02,Water Bottle,5,12,60,"62251 Lewis View,Lynchton, PW 44556"
1594,2025-05-07,Backpack,4,25,100,"7979 Mann Island Suite 919,Watsonbury, NE 60862"
1595,2025-04-28,Water Bottle,1,12,12,"4117 Crystal Passage Suite 220,Ramirezberg, AZ 93452"
1596,2025-05-05,Notebook,5,5,25,"8480 Brooke Station,Krausemouth, WV 18051"
1597,2025-05-04,USB Drive,2,8,16,"4734 Derek Camp Apt. 273,West Rebecca, DC 15211"
1598,2025-06-15,Coffee_mug,3,10,30,"0743 Robertson Brook,Blakemouth, MP 78787"
1599,2025-04-16,Pen,2,2,4,"8337 Garcia Throughway,Greenton, DE 16794"
1600,2025-03-22,USB Drive,3,8,24,"283 Frank Mountains Apt. 238,Ashleychester, MP 92234"
1601,2025-03-17,USB Drive,3,8,24,"Unit 0359 Box 7303,DPO AE 33327"
1602,2025-05-23,Pen,2,2,4,"6260 Jones Brooks Suite 932,South Kristinton, PA 58957"
1603,2025-06-01,Headphones,1,30,30,"78797 Jessica Island,Tylermouth, NM 03309"
1604,2025-04-06,Headphones,5,30,150,"4232 Eugene Causeway,Annbury, AS 87945"
1605,2025-03-27,T-shirt,3,15,45,"87374 Byrd Row Apt. 934,Port Evanchester, RI 24986"
1606,2025-03-19,Notebook,1,5,5,"94325 Bill Mall Suite 619,East Autumnview, HI 43605"
1607,2025-05-22,Notebook,3,5,15,"50876 Austin Drive Suite 337,Millerview, DC 65839"
1608,2025-05-01,T-shirt,2,15,30,"8955 Alexander Points,Davidhaven, MT 99649"
1609,2025-02-28,Water Bottle,2,12,24,"445 Jason Square,Jonathanbury, AK 83109"
1610,2025-04-25,Backpack,5,25,125,"Unit 2380 Box 5000,DPO AE 61111"
1611,2025-03-01,Backpack,1,25,25,"946 Philip Row Apt. 327,South Jacqueline, PR 73988"
1612,2025-04-13,T-shirt,5,15,75,"2372 Alicia Shore Apt. 760,Jakeside, NJ 89488"
1613,2025-06-17,Backpack,5,25,125,"296 Christopher Cape,Cynthiastad, PW 68038"
1614,2025-04-30,Notebook,1,5,5,"74653 Andrews Orchard Apt. 069,Samanthafort, NH 91346"
1615,2025-03-11,Headphones,2,30,60,"95659 Bell Trafficway,Barrettton, FM 29807"
1616,2025-05-14,Water Bottle,3,12,36,"30992 Shepard Curve,Angelaview, PA 27077"
1617,2025-04-17,Headphones,2,30,60,"49154 Robert Loop Apt. 738,East Ana, AK 07763"
1618,2025-03-26,Pen,5,2,10,"Unit 2477 Box 3908,DPO AE 68128"
1619,2025-04-30,Pen,3,2,6,"181 Melissa Extension Suite 075,Robersonburgh, NC 47983"
1620,2025-04-22,T-shirt,3,15,45,"2621 Kyle Fords,Rowehaven, LA 64158"
1621,2025-03-10,Backpack,3,25,75,"0018 Elliott Creek,Valdezville, RI 42852"
1622,2025-06-05,Water Bottle,1,12,12,"24286 Howard Lodge Apt. 966,Harveyland, PA 59748"
1623,2025-06-16,Coffee_mug,2,10,20,"4814 Mcknight Tunnel Suite 966,New Jessica, OH 38488"
1624,2025-06-10,Pen,4,2,8,"0628 Melinda Underpass Apt. 763,North Stephanie, PR 40863"
1625,2025-04-09,Water Bottle,1,12,12,"2973 Graves Rue Suite 282,Gonzalestown, IN 95643"
1626,2025-04-08,Notebook,4,5,20,"01529 Ariel Mountains Suite 004,Samanthatown, IA 35454"
1627,2025-02-28,Notebook,2,5,10,"43375 Thompson Plaza,East Sharonchester, CA 54737"
1628,2025-03-01,Headphones,1,30,30,"711 Victor Station,New Crystalland, VA 10873"
1629,2025-06-13,Headphones,5,30,150,"10229 Diaz Flat Apt. 836,New Christopherfort, MT 99138"
1630,2025-05-28,T-shirt,4,15,60,"3580 Rivas Oval,Lake Brian, AS 00554"
1631,2025-05-31,T-shirt,3,15,45,"496 Shannon Island,East Andreaburgh, MN 45949"
1632,2025-05-03,Backpack,2,25,50,"2682 Moyer Gardens,Emilyview, MH 83085"
1633,2025-03-04,Pen,1,2,2,"75263 Grace Valley,Lake Jenniferhaven, TX 69088"
1634,2025-05-25,USB Drive,1,8,8,"7019 Kathryn Brooks,Mclaughlinberg, OH 32005"
1635,2025-03-19,Water Bottle,4,12,48,"USNS Smith,FPO AP 11427"
1636,2025-03-15,USB Drive,3,8,24,"5583 Smith Forks Apt. 762,Nicolestad, SD 40877"
1637,2025-04-05,Headphones,4,30,120,"874 Parker Highway,Jenniferview, MT 11220"
1638,2025-06-09,Backpack,5,25,125,"965 Robert Plaza Suite 185,East Ambermouth, PW 50472"
1639,2025-03-15,Water Bottle,1,12,12,"07113 Smith Drives Suite 537,Maryberg, SC 97553"
1640,2025-05-09,USB Drive,1,8,8,"478 Lopez Dale,Katelynville, NV 54789"
1641,2025-04-23,Pen,5,2,10,"17652 Hudson Falls,Markville, CT 83070"
1642,2025-06-08,Water Bottle,2,12,24,"80290 Howell Plains,Port Kimberlyport, VI 05774"
1643,2025-05-18,T-shirt,2,15,30,"913 Garza Park,Davidburgh, AK 55724"
1644,2025-04-16,Backpack,3,25,75,"373 Billy Hollow Suite 895,North Erin, CT 55961"
1645,2025-05-26,Water Bottle,2,12,24,"601 Brian Keys Suite 846,Hartmanbury, MN 21957"
1646,2025-06-07,Water Bottle,2,12,24,"918 Riggs Locks Suite 239,West Nicholasfurt, AR 45988"
1647,2025-03-30,T-shirt,1,15,15,"86391 Prince Union Apt. 154,East Alexisville, AZ 65159"
1648,2025-03-18,Headphones,1,30,30,"6179 Scott Lights Apt. 829,New Joe, MI 61100"
1649,2025-03-29,Water Bottle,2,12,24,"1317 Young Burg Suite 360,Welchton, HI 58741"
1650,2025-04-12,Notebook,2,5,10,"749 Collier Springs,Owensport, IL 95663"
1651,2025-03-29,Headphones,4,30,120,"51889 Escobar Burg Apt. 756,South Angelaport, MH 38618"
1652,2025-06-14,Coffee_mug,2,10,20,"3916 Hernandez Well Apt. 355,South Linda, AL 21212"
1653,2025-05-17,Pen,5,2,10,"91651 Michael Springs Suite 568,Port Sandraborough, AR 51533"
1654,2025-06-05,USB Drive,2,8,16,"87791 Wilson Corners Suite 802,Zamoraborough, OK 48275"
1655,2025-02-24,Water Bottle,4,12,48,"741 Martin Lakes,Schneiderchester, WI 65080"
1656,2025-04-01,Coffee_mug,1,10,10,"71010 Hooper Mount,North Spencer, NV 69569"
1657,2025-05-26,Headphones,4,30,120,"20989 Carroll Highway Suite 385,Marshallside, MO 30717"
1658,2025-06-08,Headphones,4,30,120,"PSC 4902, Box 5840,APO AE 68377"
1659,2025-05-07,Backpack,2,25,50,"2932 Matthew Mall,Port Bethanystad, PR 43297"
1660,2025-06-10,Coffee_mug,2,10,20,"96121 Mason Harbors,Stephanieshire, ME 09210"
1661,2025-05-28,Headphones,5,30,150,"35124 Nathan Causeway,North Teresaborough, WV 68904"
1662,2025-06-07,Coffee_mug,2,10,20,"856 Jenkins Green,Connieborough, NH 67325"
1663,2025-02-28,USB Drive,2,8,16,"0902 Sara Fall,Joneston, OH 80601"
1664,2025-04-19,Notebook,2,5,10,"921 Hoffman Spur,Nicholsburgh, MH 89205"
1665,2025-05-18,Water Bottle,4,12,48,"01413 Timothy Club,Lake Mary, GU 84285"
1666,2025-05-29,Pen,2,2,4,"1285 Waters Ports Suite 053,Alanberg, MP 63735"
1667,2025-05-17,Pen,2,2,4,"USNS Wells,FPO AP 74622"
1668,2025-05-02,Pen,3,2,6,"049 Moran Mount,North Alexandra, CA 69412"
1669,2025-03-20,Headphones,2,30,60,"79664 Moran Dale,Lake Donaldborough, KS 98975"
1670,2025-04-18,Notebook,2,5,10,"4164 Kramer Motorway,New Megan, NH 60404"
1671,2025-04-14,Coffee_mug,4,10,40,"995 Matthew Squares Apt. 540,Kyleside, WY 34088"
1672,2025-05-14,Coffee_mug,3,10,30,"08683 Beck Wells Suite 070,North Debbie, FM 07907"
1673,2025-03-08,Backpack,2,25,50,"07274 Rogers Isle,Port Stephaniechester, VI 11955"
1674,2025-03-30,Pen,1,2,2,"35103 Aaron Course Apt. 990,Jeremyport, NJ 80293"
1675,2025-06-10,Coffee_mug,3,10,30,"70959 Monroe Station,Smithstad, MH 54483"
1676,2025-03-31,Coffee_mug,2,10,20,"067 Oconnell Keys,Youngport, IN 75561"
1677,2025-06-17,Water Bottle,1,12,12,"6180 Nelson Rest Apt. 749,Ryanbury, RI 20503"
1678,2025-06-13,Pen,4,2,8,"61296 Kimberly Port,New Elizabeth, NC 22966"
1679,2025-05-24,T-shirt,1,15,15,"74066 Torres Spring Suite 316,North Kurt, NE 56048"
1680,2025-03-12,Pen,5,2,10,"5169 Jonathon Port,Johnsonport, AS 89837"
1681,2025-03-17,Headphones,5,30,150,"815 Davis Lane Suite 977,East Dennisville, KY 77082"
1682,2025-06-19,Headphones,4,30,120,"6034 Wood Mount Apt. 847,North Ryan, AR 14464"
1683,2025-05-12,Backpack,3,25,75,"013 Teresa Plains Suite 369,East Anne, GU 54704"
1684,2025-05-30,Headphones,4,30,120,"675 Christian Plains Apt. 020,Lake Seanton, GA 23280"
1685,2025-04-07,Backpack,4,25,100,"34450 Porter Run,East Richardstad, CA 48325"
1686,2025-05-15,Coffee_mug,2,10,20,"18166 Stephanie Locks,Romerohaven, CO 14228"
1687,2025-06-01,USB Drive,4,8,32,"PSC 2681, Box 2902,APO AE 18754"
1688,2025-03-09,Coffee_mug,3,10,30,"5806 Richards Centers Suite 282,Ambermouth, AK 72691"
1689,2025-04-19,T-shirt,4,15,60,"63200 Scott Squares,Smithburgh, MI 10357"
1690,2025-06-08,Coffee_mug,5,10,50,"6519 Ashley Causeway,Allenton, NY 95193"
1691,2025-04-01,Notebook,1,5,5,"0161 Bobby Hills Apt. 755,Sheriland, PA 32249"
1692,2025-03-26,Notebook,5,5,25,"603 Zachary Fork,North Brittany, WV 13800"
1693,2025-05-13,Pen,5,2,10,"860 Dustin Lights Suite 332,Lake Richardstad, NJ 14886"
1694,2025-03-08,Water Bottle,4,12,48,"164 Lisa Neck Suite 600,Salasburgh, VT 83292"
1695,2025-03-09,Backpack,2,25,50,"Unit 8114 Box 6340,DPO AP 63408"
1696,2025-04-24,Backpack,2,25,50,"93942 Dunn Pines,Normanview, NV 99479"
1697,2025-05-03,Pen,1,2,2,"5647 Bullock Corner,Andrewmouth, NE 76953"
1698,2025-05-28,Pen,4,2,8,"8332 Amanda Court,Port Garyville, PA 95929"
1699,2025-04-01,Pen,2,2,4,"16905 Lewis Throughway Apt. 873,Bellmouth, MT 57446"
1700,2025-03-05,Water Bottle,1,12,12,"2927 Lauren Junctions Apt. 813,Lisabury, PR 65913"
1701,2025-05-01,Coffee_mug,1,10,10,"1348 Brandon Run Suite 970,Vasquezville, PA 12080"
1702,2025-06-12,Pen,5,2,10,"USS Tran,FPO AP 36191"
1703,2025-02-26,Pen,3,2,6,"1831 White Stravenue Apt. 138,West Paul, VI 96384"
1704,2025-06-18,Notebook,3,5,15,"6475 Jeffery Road,South Jameschester, MP 52151"
1705,2025-04-26,Headphones,4,30,120,"700 Robert Station Suite 041,Port Joel, AZ 29809"
1706,2025-03-23,Coffee_mug,3,10,30,"3546 Rita Ferry Apt. 863,Timothyberg, NC 55256"
1707,2025-05-19,Headphones,5,30,150,"29944 Sanchez Extensions Apt. 527,North Marktown, ND 04546"
1708,2025-06-12,Pen,5,2,10,"Unit 1034 Box 3657,DPO AP 15361"
1709,2025-02-28,Backpack,1,25,25,"6153 Christopher Centers,Tiffanyborough, WA 50255"
1710,2025-03-01,Headphones,4,30,120,"3823 Amanda Groves,Lake Ethan, KY 97239"
1711,2025-05-23,Backpack,4,25,100,"0234 Craig Flat,South Robinmouth, NC 03859"
1712,2025-03-18,Coffee_mug,4,10,40,"1712 Jessica Inlet,Lewismouth, AZ 01475"
1713,2025-05-01,USB Drive,2,8,16,"PSC 4756, Box 1050,APO AP 74033"
1714,2025-03-16,T-shirt,5,15,75,"202 Troy Throughway,South Melissaside, NE 51632"
1715,2025-06-08,USB Drive,3,8,24,"0718 Phyllis Islands,East Gabriel, ND 62850"
1716,2025-03-24,Coffee_mug,1,10,10,"14204 King Mountains Apt. 812,North Johnland, TX 70444"
1717,2025-03-19,Coffee_mug,4,10,40,"9325 Mendoza Station Suite 748,New Daniel, MI 82033"
1718,2025-02-23,Headphones,4,30,120,"46674 Brenda Crossroad,South Warrenfurt, MI 67039"
1719,2025-06-09,Water Bottle,1,12,12,"02292 Brandon Villages Suite 663,South Ashley, NH 86539"
1720,2025-05-01,Water Bottle,5,12,60,"89707 Roger Pines,New Rachel, MP 74511"
1721,2025-03-06,Coffee_mug,1,10,10,"61747 Lewis Canyon,Brianport, PR 29889"
1722,2025-05-21,Notebook,2,5,10,"1388 Adam Drive,Milesburgh, MS 98273"
1723,2025-03-12,Water Bottle,1,12,12,"53389 Nicholas Forges,East Laura, NY 35813"
1724,2025-02-25,Notebook,5,5,25,"959 Soto Station,Campbellshire, IA 11797"
1725,2025-05-26,Water Bottle,3,12,36,"286 Jeffrey Squares Apt. 561,Lake Susanmouth, OK 62601"
1726,2025-05-02,Water Bottle,4,12,48,"9224 Morrison Roads Apt. 091,East Jesseborough, TN 44049"
1727,2025-04-25,T-shirt,5,15,75,"46964 Charles Stravenue Apt. 966,North Isaiahtown, PW 31638"
1728,2025-06-16,Coffee_mug,4,10,40,"112 Todd Roads Apt. 039,Angelaborough, AR 61996"
1729,2025-06-13,Water Bottle,5,12,60,"017 Anderson Branch,West Michaelbury, MS 60018"
1730,2025-03-14,Notebook,3,5,15,"3281 Robinson Square,Dickersonberg, AR 93164"
1731,2025-04-01,USB Drive,2,8,16,"846 Rodriguez River,East Troytown, MS 90589"
1732,2025-04-06,USB Drive,2,8,16,"91290 Jennifer Ford Suite 844,Lake Cassiefurt, OK 07702"
1733,2025-05-05,Coffee_mug,4,10,40,"4950 Mcdaniel Walks Apt. 812,West Micheal, ME 47677"
1734,2025-02-28,Headphones,2,30,60,"045 Kevin Pines,Port Natashaborough, DC 16788"
1735,2025-04-16,Headphones,1,30,30,"3692 Leonard Drive,Lake John, NE 73607"
1736,2025-03-24,Water Bottle,1,12,12,"9255 Jesus Spurs,Riverahaven, NC 43172"
1737,2025-03-03,Backpack,5,25,125,"7818 Anna Spurs Apt. 531,Janemouth, AK 36212"
1738,2025-02-21,Pen,4,2,8,"397 Meyers Locks,South Kimberly, GA 61284"
1739,2025-06-02,USB Drive,5,8,40,"4407 Brown Divide Apt. 156,Palmertown, IA 09841"
1740,2025-02-23,USB Drive,4,8,32,"5244 Jill Vista,West Melissa, AS 56373"
1741,2025-03-15,Backpack,2,25,50,"3734 Taylor Viaduct,Port Samantha, FL 01853"
1742,2025-06-17,Backpack,5,25,125,"938 Dominique Flat Suite 678,Jessicaside, DE 55174"
1743,2025-03-05,T-shirt,1,15,15,"46269 Jennifer Spring Suite 022,East Stephanie, SD 23589"
1744,2025-02-26,Notebook,3,5,15,"87914 Miller Station,Norrishaven, ME 40063"
1745,2025-02-28,Pen,2,2,4,"1643 Clark Ramp Apt. 144,South Anthonyside, LA 20687"
1746,2025-03-03,Water Bottle,5,12,60,"USNV Hogan,FPO AE 18912"
1747,2025-05-18,USB Drive,4,8,32,"726 Brown Centers,Sarahstad, KY 53886"
1748,2025-03-20,Pen,3,2,6,"Unit 3852 Box 8194,DPO AA 30533"
1749,2025-04-05,Notebook,3,5,15,"Unit 3563 Box 0364,DPO AP 51051"
1750,2025-05-01,Coffee_mug,4,10,40,"2925 Smith Groves Suite 153,East Kevinview, NJ 36984"
1751,2025-03-21,T-shirt,3,15,45,"0997 John Flats Suite 245,Johnsonberg, TX 51210"
1752,2025-05-24,Coffee_mug,1,10,10,"2239 Stephen Port Suite 081,Donnahaven, GU 13217"
1753,2025-03-03,Water Bottle,2,12,24,"0348 Burgess Hollow Apt. 541,Port Kennethmouth, OR 40040"
1754,2025-02-27,Water Bottle,5,12,60,"945 Miles Village Apt. 768,Robinsonshire, WI 32833"
1755,2025-02-26,Headphones,2,30,60,"USCGC Wilson,FPO AE 47551"
1756,2025-04-13,Headphones,3,30,90,"4818 Wayne Prairie Apt. 694,West Jason, WV 98497"
1757,2025-05-10,Notebook,4,5,20,"2266 Roberts Gardens,North Evan, AL 71765"
1758,2025-04-05,Water Bottle,1,12,12,"70314 Jessica Branch Suite 297,Duranbury, UT 93902"
1759,2025-02-28,Backpack,2,25,50,"05052 Green Forks Suite 657,Jenniferport, AZ 09632"
1760,2025-06-16,T-shirt,5,15,75,"84894 Carl Hollow,Sheribury, MH 72876"
1761,2025-06-18,T-shirt,4,15,60,"97766 Anthony Cliff,Lake Trevorside, IN 01838"
1762,2025-04-01,Pen,3,2,6,"0483 Thomas Parkways,North Keith, OH 31031"
1763,2025-05-02,Notebook,3,5,15,"455 Murphy Parkways Suite 596,Jamesmouth, ND 91509"
1764,2025-03-29,Notebook,2,5,10,"303 Miller Points Apt. 969,West Kellyborough, VA 38620"
1765,2025-06-08,Water Bottle,3,12,36,"Unit 3199 Box 5936,DPO AA 84295"
1766,2025-03-15,Coffee_mug,5,10,50,"0767 Baker Vista Apt. 155,Westberg, GA 03616"
1767,2025-06-16,T-shirt,4,15,60,"PSC 1370, Box 4413,APO AA 63493"
1768,2025-06-04,Water Bottle,5,12,60,"USCGC Foster,FPO AA 29899"
1769,2025-04-27,Notebook,1,5,5,"Unit 0767 Box 3068,DPO AA 35811"
1770,2025-06-19,USB Drive,2,8,16,"10635 Weeks Springs Apt. 058,North Brianborough, ID 97792"
1771,2025-04-18,Pen,4,2,8,"30662 Ronald Burgs Suite 267,Middletontown, NE 04403"
1772,2025-03-05,USB Drive,1,8,8,"05416 Renee Roads Suite 866,Gregoryport, NM 48237"
1773,2025-05-10,Pen,1,2,2,"1168 Turner Path Apt. 341,Brooksborough, NM 16968"
1774,2025-02-23,T-shirt,2,15,30,"208 Phillips Dale Apt. 511,Nealfort, CT 53512"
1775,2025-03-13,Backpack,2,25,50,"02770 Winters Fort,Lake Jennytown, IL 60796"
1776,2025-04-17,Notebook,2,5,10,"162 Robert Gateway,Hammondmouth, OH 33044"
1777,2025-05-10,Water Bottle,3,12,36,"65888 Fields Alley,Johnsonburgh, VT 72943"
1778,2025-04-28,Coffee_mug,3,10,30,"0814 Amber Canyon,Kristenview, NE 97805"
1779,2025-03-29,Notebook,4,5,20,"572 Andrea Field,Lake Michael, TX 06488"
1780,2025-05-27,T-shirt,5,15,75,"1823 Scott Stravenue,Lake Jamesshire, FM 50422"
1781,2025-05-23,T-shirt,4,15,60,"563 Huffman Mountain,East Henry, FL 61269"
1782,2025-04-18,USB Drive,3,8,24,"498 Shawn Streets,East Javierburgh, OH 54576"
1783,2025-06-14,Headphones,4,30,120,"8962 Lambert Pines Suite 182,Turnerchester, AS 45343"
1784,2025-04-11,USB Drive,5,8,40,"6869 Isaiah Loop Suite 356,East Eric, MS 94677"
1785,2025-04-02,Headphones,4,30,120,"71489 Susan Trace,Smithborough, NC 60855"
1786,2025-05-02,T-shirt,4,15,60,"693 Sally Plains,Vancefurt, MH 29173"
1787,2025-03-07,Notebook,1,5,5,"29335 Mccarthy Cape,Lake Jennifer, NY 21883"
1788,2025-04-10,Headphones,4,30,120,"329 Kelly Key Suite 936,West Terri, HI 60465"
1789,2025-04-11,Backpack,1,25,25,"8332 David Loaf Suite 375,South Tiffanyport, MD 83406"
1790,2025-04-06,Notebook,5,5,25,"501 Kenneth Road,North Aaron, DC 39259"
1791,2025-04-23,USB Drive,4,8,32,"PSC 9248, Box 3376,APO AA 33950"
1792,2025-05-07,T-shirt,5,15,75,"6329 Kaiser Skyway,New Jose, ND 89884"
1793,2025-03-22,Coffee_mug,3,10,30,"USNV Cole,FPO AP 08879"
1794,2025-02-27,Water Bottle,1,12,12,"25097 Carr Bridge,North Caitlinton, NJ 72265"
1795,2025-06-07,Notebook,3,5,15,"959 Stevens Square Apt. 347,Torresville, DE 33460"
1796,2025-05-13,Water Bottle,2,12,24,"3643 Oconnor Way Suite 865,Sheilaport, IN 16894"
1797,2025-04-20,Water Bottle,5,12,60,"06576 Noah Lodge,West Susan, AK 71633"
1798,2025-03-15,Notebook,2,5,10,"96046 Baker Circles,North Diane, SD 46345"
1799,2025-04-07,Coffee_mug,2,10,20,"717 Bell Stravenue Apt. 865,Andrewstad, NV 69516"
1800,2025-04-26,Water Bottle,4,12,48,"6884 Vanessa Roads,Port Paulaport, FM 80187"
1801,2025-05-17,Backpack,1,25,25,"711 Deborah Ranch Suite 680,Listad, PA 93312"
1802,2025-05-03,Pen,5,2,10,"Unit 7828 Box 3618,DPO AP 36084"
1803,2025-04-07,USB Drive,2,8,16,"7755 Gina Station,Nicholasmouth, WI 47744"
1804,2025-04-12,USB Drive,5,8,40,"PSC 3881, Box 1692,APO AA 85286"
1805,2025-04-07,Pen,3,2,6,"41666 Latasha Mews,North Jennifer, NJ 42568"
1806,2025-06-17,Backpack,4,25,100,"6156 Stevenson Viaduct Suite 828,Brendaview, PA 70517"
1807,2025-04-27,Backpack,4,25,100,"6346 Gloria Mission,Andrewsmouth, TX 45117"
1808,2025-03-09,Water Bottle,1,12,12,"33057 Mariah Gateway,Lake Michelle, MT 65199"
1809,2025-04-21,Coffee_mug,4,10,40,"486 Vincent Center,Hillton, LA 86746"
1810,2025-03-07,Headphones,3,30,90,"2660 Michael Extensions Suite 788,Goodmantown, PA 63539"
1811,2025-06-09,Pen,3,2,6,"8869 Castro Crescent,Lake Alanside, IL 01597"
1812,2025-06-09,Backpack,2,25,50,"98742 Castillo Ramp Suite 518,South Kevinhaven, AS 50522"
1813,2025-05-03,USB Drive,4,8,32,"1842 Julie Pass,West Brianshire, NV 43872"
1814,2025-04-26,Notebook,2,5,10,"52454 Pham Plains Apt. 650,West Timothyville, SD 37346"
1815,2025-04-12,USB Drive,5,8,40,"USS Riley,FPO AE 08643"
1816,2025-02-21,Coffee_mug,3,10,30,"1401 Wanda Lane,Carlport, FM 68356"
1817,2025-04-19,Water Bottle,5,12,60,"81009 Turner Shoals,Emilyside, GA 97714"
1818,2025-06-15,USB Drive,2,8,16,"11309 Dana Brooks Suite 802,Watkinsland, FM 15158"
1819,2025-03-10,Water Bottle,5,12,60,"37304 Quinn Mountain,Schultzshire, ME 95264"
1820,2025-03-25,T-shirt,5,15,75,"46590 Stacey Prairie Suite 074,South Hannahborough, MI 07657"
1821,2025-06-01,Notebook,4,5,20,"328 Katherine Mountain Apt. 664,East Scottborough, MO 63761"
1822,2025-04-18,Water Bottle,2,12,24,"4997 Peters Lodge,Millerland, SD 24715"
1823,2025-05-24,USB Drive,4,8,32,"4891 Mcbride Brooks,East Katelynport, AZ 91599"
1824,2025-05-06,Pen,5,2,10,"898 Mcmillan Ridges Suite 464,Christensenland, AR 23651"
1825,2025-05-11,Water Bottle,4,12,48,"7961 Angel Forge Apt. 917,Lake David, AK 93712"
1826,2025-03-21,Pen,4,2,8,"67516 Patterson Key,East Austin, NM 20627"
1827,2025-04-09,Backpack,3,25,75,"25373 Matthew Fork Apt. 753,Port Rachel, MD 20565"
1828,2025-04-17,USB Drive,4,8,32,"1087 Corey Street,West Brandon, TX 86280"
1829,2025-02-28,Backpack,2,25,50,"569 Hardin Mountain Apt. 440,East Robertview, MP 78601"
1830,2025-05-26,T-shirt,1,15,15,"5774 Kevin Isle,Leslieton, AR 15415"
1831,2025-06-14,Notebook,3,5,15,"60233 Wallace Knoll Apt. 623,Robinsonshire, PW 23614"
1832,2025-05-05,Notebook,5,5,25,"9406 Yates Green,Julieborough, GU 02876"
1833,2025-03-18,Backpack,2,25,50,"045 Walker Mountains Apt. 531,Fullertown, AZ 40076"
1834,2025-03-16,USB Drive,1,8,8,"221 Smith Place,Josebury, TX 81144"
1835,2025-04-06,Water Bottle,1,12,12,"Unit 6431 Box 1521,DPO AP 68965"
1836,2025-04-24,Notebook,3,5,15,"USNV Hicks,FPO AE 83280"
1837,2025-05-21,USB Drive,1,8,8,"12612 Anthony Point,Lake Stephenport, FL 25357"
1838,2025-05-29,Notebook,1,5,5,"65214 Rose Corners Suite 862,Tammyville, MP 93835"
1839,2025-06-12,Backpack,2,25,50,"4602 Hernandez Lodge Suite 772,East Thomasshire, MN 98078"
1840,2025-03-12,Coffee_mug,5,10,50,"601 Anthony Key Suite 818,South Christinamouth, AS 43594"
1841,2025-03-16,Headphones,2,30,60,"848 Deborah Key Suite 933,Lake Deniseville, SC 74306"
1842,2025-03-02,Backpack,1,25,25,"452 Snyder Radial,Andersonborough, WV 63562"
1843,2025-03-02,Coffee_mug,5,10,50,"747 Lara Plaza Suite 082,Jameston, HI 89496"
1844,2025-03-15,Pen,5,2,10,"701 Watson Route Suite 518,Harrisside, CO 65004"
1845,2025-06-08,USB Drive,4,8,32,"40311 Villa Oval,Davisstad, VA 82918"
1846,2025-02-24,Notebook,3,5,15,"943 Murphy Station,North Jefferyshire, NV 23894"
1847,2025-04-12,USB Drive,3,8,24,"33119 Douglas Gateway,South Mary, FM 35149"
1848,2025-04-10,Coffee_mug,4,10,40,"Unit 6879 Box 7811,DPO AE 72713"
1849,2025-06-06,USB Drive,1,8,8,"6945 Wilson Inlet Apt. 716,Farrellbury, HI 14144"
1850,2025-06-20,Pen,2,2,4,"Unit 9276 Box 3932,DPO AP 56133"
1851,2025-02-27,T-shirt,5,15,75,"38582 Smith Locks,Petersbury, NE 03653"
1852,2025-06-17,T-shirt,2,15,30,"0007 Jones Keys Suite 564,Mathewsbury, DE 45846"
1853,2025-03-15,Pen,5,2,10,"USCGC Mckenzie,FPO AA 88127"
1854,2025-03-15,Backpack,3,25,75,"844 Elizabeth Union,Murphyport, AK 75165"
1855,2025-06-01,Pen,3,2,6,"16030 Ward Road,Benjaminberg, NC 37000"
1856,2025-05-30,Pen,5,2,10,"208 Gross Shores,Timothychester, SC 14880"
1857,2025-04-22,T-shirt,3,15,45,"17642 Charles Dam Suite 107,Biancamouth, LA 80614"
1858,2025-03-27,T-shirt,4,15,60,"USS Gordon,FPO AE 13430"
1859,2025-05-09,Backpack,1,25,25,"3275 Nelson Passage,East Karlshire, MI 82900"
1860,2025-06-15,Coffee_mug,3,10,30,"44611 Miller Stream,Christineville, SC 58502"
1861,2025-02-22,Backpack,4,25,100,"664 Thomas Spurs Apt. 234,North Jeffrey, NV 13354"
1862,2025-04-12,Coffee_mug,5,10,50,"2637 Contreras Road,Lewisport, TX 12026"
1863,2025-03-11,USB Drive,2,8,16,"107 Sandoval Port,New Stephaniebury, PR 10350"
1864,2025-04-23,Backpack,2,25,50,"625 Lewis View,East Kimmouth, MA 62582"
1865,2025-04-25,Water Bottle,5,12,60,"1467 Tracy Road,Saraside, FM 11914"
1866,2025-05-30,T-shirt,3,15,45,"45456 Porter Shore Apt. 794,Port Paulachester, ND 86332"
1867,2025-03-15,Backpack,5,25,125,"9028 Adams Roads,Port Juliemouth, SC 00583"
1868,2025-05-01,USB Drive,2,8,16,"0909 Brandon Harbors,Jefferyborough, ID 96319"
1869,2025-02-21,Headphones,2,30,60,"526 Aaron Meadow Suite 381,Lake Robin, ME 81618"
1870,2025-03-02,USB Drive,1,8,8,"76525 Horton Estates,East Shirleyhaven, SD 61152"
1871,2025-03-11,Coffee_mug,1,10,10,"45302 Charles Fork Apt. 611,West Sarastad, MH 93982"
1872,2025-03-16,Pen,1,2,2,"3486 Matthew Locks,Rosefort, MN 86165"
1873,2025-03-13,Coffee_mug,4,10,40,"37098 Barry Lake Apt. 753,Brownton, CT 32519"
1874,2025-03-04,Water Bottle,2,12,24,"42915 Nathan Via Apt. 612,Port Shawn, PW 67417"
1875,2025-03-11,Coffee_mug,5,10,50,"Unit 0290 Box 4359,DPO AA 49097"
1876,2025-04-20,Coffee_mug,2,10,20,"584 Murray Forges,Daniellefort, GU 77980"
1877,2025-06-02,Backpack,3,25,75,"9101 Timothy Springs,East Louis, OK 02634"
1878,2025-05-21,Coffee_mug,1,10,10,"518 Sandoval Divide,East Tracyborough, WY 42409"
1879,2025-05-22,Coffee_mug,3,10,30,"80245 Dalton Shoal,North Tiffanytown, MP 61631"
1880,2025-05-07,Water Bottle,3,12,36,"851 Mitchell Roads,Kaufmanberg, WY 20673"
1881,2025-05-03,Coffee_mug,3,10,30,"54911 Fox Trail,North Alan, DC 61041"
1882,2025-05-04,Water Bottle,5,12,60,"42230 Smith Tunnel Apt. 551,West Douglasberg, MT 11383"
1883,2025-03-25,USB Drive,1,8,8,"711 Perry Parks Apt. 429,Garciamouth, GU 35508"
1884,2025-04-08,Backpack,5,25,125,"01471 Dennis Alley Suite 076,New Carlaview, NM 45213"
1885,2025-04-21,T-shirt,5,15,75,"1320 Wong Rapid Apt. 699,West Thomas, KY 36116"
1886,2025-05-12,Notebook,4,5,20,"50291 Mullins Inlet Apt. 329,Emilyshire, OH 47910"
1887,2025-03-23,Pen,5,2,10,"39821 Harris Cove Suite 531,Jessicamouth, NM 90224"
1888,2025-03-23,Coffee_mug,5,10,50,"410 Burgess Mews Suite 109,Petersontown, CA 33354"
1889,2025-03-08,Pen,1,2,2,"35699 Lozano Green,North Michelle, MT 60371"
1890,2025-05-21,Water Bottle,5,12,60,"632 Hammond Shoal Apt. 801,East Tammietown, MN 13933"
1891,2025-04-29,Water Bottle,4,12,48,"2990 Mendoza Expressway,Port Tylershire, MT 15839"
1892,2025-04-05,Headphones,2,30,60,"34490 Lawson Grove Apt. 934,West Brittany, CT 19509"
1893,2025-06-16,Headphones,1,30,30,"5094 Sarah Lights Suite 718,Snydermouth, AZ 72015"
1894,2025-05-31,USB Drive,1,8,8,"19334 Brady Well,West Lindaton, NC 35911"
1895,2025-05-27,Backpack,4,25,100,"185 French Bypass,Courtneyland, PR 89308"
1896,2025-04-10,Notebook,2,5,10,"01670 Rodriguez Court,West Gary, NH 08050"
1897,2025-02-28,Water Bottle,3,12,36,"21542 Wilson Village,Orozcoland, SD 80732"
1898,2025-06-17,Notebook,5,5,25,"6927 Griffin Shores,Dawntown, NM 82040"
1899,2025-03-09,Coffee_mug,2,10,20,"2934 Lambert Drive,Gordonview, MN 82322"
1900,2025-04-16,Coffee_mug,3,10,30,"924 Julia Stream,Port Dawnmouth, KY 27964"
1901,2025-03-18,Water Bottle,3,12,36,"840 Welch Summit Suite 970,Kimburgh, MI 25262"
1902,2025-06-16,Pen,2,2,4,"1700 Anderson Harbor Suite 868,South Jerry, IL 57400"
1903,2025-05-08,Pen,4,2,8,"23453 Lisa Corner,Barbaramouth, ND 45734"
1904,2025-03-26,Headphones,3,30,90,"284 Nathan Dam Suite 352,Yoderville, CT 92828"
1905,2025-04-08,Water Bottle,3,12,36,"31164 Hamilton Mount,West Ashley, NJ 98680"
1906,2025-04-30,Water Bottle,1,12,12,"66235 Adam Bypass Apt. 946,Oneillton, MH 97589"
1907,2025-03-17,USB Drive,1,8,8,"Unit 2465 Box 4966,DPO AE 54643"
1908,2025-04-24,T-shirt,3,15,45,"40101 Jessica Oval Suite 335,Jadeview, PA 17268"
1909,2025-04-14,Pen,3,2,6,"519 Martin Stravenue,Hickshaven, MH 54104"
1910,2025-05-29,Water Bottle,5,12,60,"36799 Sandoval Gateway Apt. 920,Ryanmouth, AK 25930"
1911,2025-02-23,T-shirt,1,15,15,"048 Carol Skyway,Melissastad, KY 78932"
1912,2025-04-26,Notebook,3,5,15,"8933 Hatfield Vista Apt. 659,Ericfurt, VT 56401"
1913,2025-03-14,Pen,3,2,6,"151 Hoover Ford,North Craig, MN 04938"
1914,2025-06-08,Coffee_mug,3,10,30,"77690 Myers Orchard Apt. 022,Maryshire, MI 79569"
1915,2025-06-03,Water Bottle,5,12,60,"37335 Brown Fields Suite 981,Bradshawstad, MH 22595"
1916,2025-06-17,Headphones,1,30,30,"84198 Brown Fields Apt. 731,North Janet, MO 06780"
1917,2025-05-01,Notebook,2,5,10,"930 Sheila Islands Suite 810,Brownborough, NV 53228"
1918,2025-04-08,Headphones,1,30,30,"05986 Kaiser Mission Apt. 054,Davisport, IL 89183"
1919,2025-03-27,Water Bottle,5,12,60,"951 Alyssa Valley Apt. 942,New Dennis, ND 67778"
1920,2025-05-08,Notebook,4,5,20,"9862 Robinson Junctions Suite 190,Ianstad, ND 88497"
1921,2025-04-24,Coffee_mug,5,10,50,"096 Ivan Road Apt. 006,North Laceyton, AK 84547"
1922,2025-02-27,Backpack,4,25,100,"984 Robert Oval,Greenland, NH 89829"
1923,2025-04-10,Pen,2,2,4,"72852 Hannah Walk Suite 218,South Sergiostad, TX 46057"
1924,2025-02-23,Backpack,4,25,100,"4678 Horton Dale Apt. 143,New Jackson, HI 07211"
1925,2025-05-28,Coffee_mug,2,10,20,"96274 Rodriguez Prairie Apt. 081,Anthonyfurt, FL 93902"
1926,2025-04-14,Coffee_mug,4,10,40,"90574 Jennifer Route Apt. 248,Rossshire, ME 75819"
1927,2025-05-18,Notebook,1,5,5,"495 Lopez Cliff,Kathleentown, MH 88889"
1928,2025-05-02,Pen,5,2,10,"682 Tyler Estate,Jamesmouth, MS 54027"
1929,2025-03-24,Notebook,1,5,5,"359 Moreno Rapids,Beckershire, FL 66023"
1930,2025-04-12,Pen,1,2,2,"USNV Combs,FPO AE 99759"
1931,2025-05-29,Headphones,2,30,60,"20235 Garrett Trace,Jennashire, GU 51009"
1932,2025-04-05,Backpack,3,25,75,"10413 Miller Wells,West Teresa, PW 11639"
1933,2025-03-17,Headphones,2,30,60,"380 Darren River Suite 072,Prattstad, HI 12130"
1934,2025-04-10,Water Bottle,5,12,60,"5942 David Turnpike Apt. 536,New Corey, CA 90653"
1935,2025-05-13,Water Bottle,3,12,36,"831 Mann Run,Sharonside, VA 66506"
1936,2025-05-29,Pen,4,2,8,"Unit 6595 Box 0998,DPO AE 48061"
1937,2025-03-28,Water Bottle,3,12,36,"5678 Marc Shoal Suite 550,Tommyview, NE 50739"
1938,2025-06-09,USB Drive,1,8,8,"59868 Hubbard Track Suite 969,Ambermouth, VA 62685"
1939,2025-04-06,T-shirt,4,15,60,"0516 Sarah Pike,Wardland, DC 36270"
1940,2025-02-25,Coffee_mug,5,10,50,"64162 Morrison Canyon Suite 586,Port Stephenmouth, OK 90685"
1941,2025-03-30,Headphones,5,30,150,"7029 Nicole Parkways Suite 880,Amyhaven, MD 15435"
1942,2025-05-28,Headphones,4,30,120,"796 Thomas Expressway Suite 526,Mooneymouth, ND 10212"
1943,2025-05-27,Headphones,3,30,90,"861 Johnson Plaza Suite 342,West Maryborough, OK 97107"
1944,2025-06-20,USB Drive,2,8,16,"Unit 1481 Box 0161,DPO AA 41446"
1945,2025-04-16,Notebook,2,5,10,"006 Caldwell Meadows,North Cassiebury, IN 61892"
1946,2025-04-15,Backpack,2,25,50,"602 Steven Cliff Apt. 869,Burnettberg, MO 64261"
1947,2025-06-04,Backpack,2,25,50,"94237 Suzanne Roads Suite 052,Hobbsview, WY 73380"
1948,2025-05-11,Headphones,1,30,30,"PSC 7104, Box 2757,APO AA 48330"
1949,2025-04-01,Water Bottle,3,12,36,"742 Morse Mews Apt. 530,New Terry, GU 12363"
1950,2025-05-16,Notebook,4,5,20,"4853 Ronald Square Apt. 619,Johnton, NJ 48505"
1951,2025-03-24,USB Drive,1,8,8,"15869 Obrien Lake Apt. 949,West Madisonbury, PA 48756"
1952,2025-05-16,T-shirt,3,15,45,"7658 Rich Crest,Turnerstad, NC 91739"
1953,2025-05-19,USB Drive,5,8,40,"52436 Latoya Hills,Andersonfurt, MO 13114"
1954,2025-03-16,Coffee_mug,5,10,50,"98490 Mark Heights Suite 072,Port Kelly, PA 71661"
1955,2025-05-26,Pen,2,2,4,"92310 Smith View,Robertfort, PR 73942"
1956,2025-06-19,Notebook,3,5,15,"27021 Keith Roads Apt. 335,West Meganshire, ID 61818"
1957,2025-05-14,Backpack,2,25,50,"580 Rivera Cliff Suite 620,Port Nicolehaven, IL 06684"
1958,2025-05-12,Coffee_mug,1,10,10,"5502 Parsons Island Apt. 720,Jameschester, CO 92568"
1959,2025-04-01,Coffee_mug,4,10,40,"119 Kenneth Orchard,Gabrielport, UT 69099"
1960,2025-04-24,Notebook,3,5,15,"18283 Calderon Harbor Suite 795,Port Olivia, KY 95872"
1961,2025-05-07,Notebook,1,5,5,"USNV Smith,FPO AE 27169"
1962,2025-06-15,Coffee_mug,5,10,50,"046 Sheena Park Suite 607,Carterburgh, SC 20074"
1963,2025-05-08,Water Bottle,2,12,24,"050 Kayla Circle Suite 163,Leemouth, TX 12933"
1964,2025-06-02,Headphones,4,30,120,"09471 Ellis Stravenue,Port Jefferyborough, DE 40390"
1965,2025-05-13,Notebook,5,5,25,"1573 Michelle Ville,Jamesstad, DC 87830"
1966,2025-05-16,Backpack,3,25,75,"08809 Pierce Place Apt. 893,Lake Katelynport, MH 22853"
1967,2025-02-23,Headphones,3,30,90,"84571 Joshua Village,Donaldborough, FM 57660"
1968,2025-03-13,Pen,3,2,6,"075 Bridget Views,Acevedoshire, WI 04218"
1969,2025-04-08,Headphones,1,30,30,"7027 West Glens,Martinside, MI 32685"
1970,2025-03-20,Pen,2,2,4,"0315 Edwin Prairie Apt. 313,South Kathy, RI 72140"
1971,2025-06-03,Coffee_mug,3,10,30,"1894 Angel Mountains Apt. 135,Parkerville, WY 99575"
1972,2025-03-03,Backpack,5,25,125,"139 Kristen Flats,Lake Sandrachester, AL 92948"
1973,2025-04-25,Notebook,1,5,5,"894 Stephanie Pass Suite 207,Evanshaven, WI 82738"
1974,2025-04-23,Water Bottle,1,12,12,"35279 Hood Way Suite 771,New Sophia, MD 79528"
1975,2025-06-02,T-shirt,4,15,60,"03524 Reed Forest Apt. 934,North Michael, RI 88494"
1976,2025-06-14,Water Bottle,3,12,36,"5157 Atkins Island Suite 227,New Marybury, MD 13382"
1977,2025-06-11,Notebook,2,5,10,"13475 Candice Radial Apt. 704,Serranoport, DC 64772"
1978,2025-03-03,USB Drive,4,8,32,"92550 Schroeder Cliffs Suite 333,Sarahchester, WY 03421"
1979,2025-03-20,Pen,4,2,8,"5002 Green Well,Lake Karen, DE 79877"
1980,2025-05-06,Backpack,3,25,75,"02466 Andrew View Suite 971,Bryantbury, MH 38259"
1981,2025-04-16,Backpack,4,25,100,"0929 Brittany Light Apt. 583,Gracestad, MS 74106"
1982,2025-06-14,Headphones,2,30,60,"745 Peggy Mountain Apt. 201,Bishopfurt, WY 49300"
1983,2025-04-21,Water Bottle,2,12,24,"161 Wright Mission,Lake Terrifurt, DC 59422"
1984,2025-06-16,Pen,4,2,8,"484 Erin Harbors Apt. 877,New Robertmouth, WI 53667"
1985,2025-05-15,Water Bottle,3,12,36,"9459 Villegas Mission,South Kara, OR 04161"
1986,2025-05-15,Headphones,3,30,90,"141 Fields Extension Suite 817,Martinezfurt, MD 77076"
1987,2025-05-21,Pen,4,2,8,"4757 Watkins Hollow Apt. 812,Benjaminmouth, WI 11916"
1988,2025-06-05,Headphones,4,30,120,"030 Hansen Flat Suite 264,Port Derrick, AS 85932"
1989,2025-03-12,T-shirt,4,15,60,"673 Margaret Centers,New Kimberlyhaven, GA 49326"
1990,2025-05-15,Headphones,2,30,60,"0454 Johnson Trail,Lopezfurt, WA 03356"
1991,2025-06-01,Notebook,3,5,15,"45176 Wilson Lake,Dianeshire, KS 48245"
1992,2025-03-27,Coffee_mug,2,10,20,"USS Stevens,FPO AE 60905"
1993,2025-04-16,Backpack,3,25,75,"08958 Natalie Mountain,West Jaymouth, SC 91391"
1994,2025-03-01,Headphones,3,30,90,"1688 Robinson Groves Apt. 068,Conleyhaven, MH 08899"
1995,2025-04-20,Headphones,2,30,60,"447 Yvonne Shore,North Williammouth, AR 84309"
1996,2025-05-16,Backpack,2,25,50,"Unit 6645 Box 0340,DPO AA 66789"
1997,2025-05-13,USB Drive,5,8,40,"248 Watson Prairie,Hoganberg, NC 95950"
1998,2025-05-01,Headphones,3,30,90,"881 Lyons Path,Connieton, KY 42014"
1999,2025-03-04,Water Bottle,1,12,12,"893 David Heights,Mckinneytown, MD 61790"
